GUID,RUN_ID,conductivity,pH,temperature,V_c_T,V_a_T,V_c_1,V_a_1,W_T,W_1,R_W,num_components,recipe,S_pH,PI,PI_equal,PI_pca,rank_PI,rank_cond,rank_gap,score_gap_vs_cond_z
{CB4B9CC2-CDBD-FE26-E788-729AF26C8A85},AML07142019eimnsd,111.2,8.55,21.9,1.670057,-0.938493,1.568029,-0.868941,2.60855,2.4369699999999996,0.9342239941730078,5,Na2SO4:2.20; LiNO3:0.50; Li2SO4:2.60; NaNO3:0.30; NaClO4:1.10,0.9499999999999993,0.6976073755116136,0.6681953365419653,0.8344857572701092,150,201,51,0.20318725099601595
{7DFFCEA2-855C-552A-86D9-3CDC8692397E},AML07142019eimnsd,109.6,8.25,21.6,1.703081,-0.966088,1.595291,-0.89357,2.669169,2.488861,0.9324478892119606,5,Na2SO4:1.10; LiNO3:1.10; Li2SO4:3.20; NaNO3:0.60; NaClO4:1.00,1.0,0.7060664939426412,0.6738124504966228,0.865154189240868,138,204,66,0.26294820717131473
{761311EE-41DC-23D6-EDDE-B747CB1CC15D},AML07142019eimnsd,85.9,8.8,21.8,1.62592,-0.92902,1.528615,-0.788655,2.55494,2.31727,0.9069762890713676,4,LiNO3:0.60; Li2SO4:3.30; NaNO3:0.10; NaClO4:0.10,0.6999999999999993,0.5543617195885849,0.5253083736546672,0.621037220163927,213,224,11,0.043824701195219126
{24BDD1EA-13A7-6CEA-5F04-66F921E7C42B},AML07142019eimnsd,162.9,8.18,21.5,1.748925,-1.017221,1.64828,-0.832859,2.766146,2.4811389999999998,0.8969660314386876,5,Na2SO4:0.30; LiNO3:1.30; Li2SO4:0.10; NaNO3:4.60; NaClO4:0.30,1.0,0.8375644875313631,0.8226967895655775,0.9276105460194863,8,40,32,0.12749003984063745
{6B671ED6-759C-9001-1DC4-FC23A8271BD6},AML07142019eimnsd,156.5,8.29,21.3,1.754464,-1.011217,1.653924,-0.815276,2.765681,2.4692,0.8928000011570387,4,LiNO3:1.70; Li2SO4:0.10; NaNO3:0.90; NaClO4:2.10,1.0,0.8200377045893064,0.8031967240953077,0.9042739880808387,19,60,41,0.1633466135458167
{8B4C389D-B7A3-94BA-28E8-831580E7CCEA},AML07142019eimnsd,147.5,8.82,21.1,1.704378,-1.046385,1.609112,-0.891824,2.750763,2.5009360000000003,0.9091790168764086,4,LiNO3:0.10; Li2SO4:0.90; NaNO3:0.20; NaClO4:3.00,0.6799999999999997,0.7086507517913775,0.7026228391342134,0.8181508547513596,134,107,-27,0.10756972111553786
{53AAE681-6AC3-D834-9C74-F2DEA95FC7D5},AML07142019eimnsd,11.32,8.05,21.4,1.726021,-1.003323,1.616866,-0.889046,2.729344,2.505912,0.9181371054729633,5,Na2SO4:1.90; LiNO3:1.40; Li2SO4:0.10; NaNO3:0.80; NaClO4:2.10,1.0,0.5196244510565513,0.4680388423543612,0.6493447733213187,222,251,29,0.1155378486055777
{93E3B0AD-0DBB-1581-C5C4-6A9437B72C26},AML07152019gugozt,158.4,8.28,21.9,1.731096,-0.984564,1.625893,-0.856921,2.7156599999999997,2.4828140000000003,0.9142580440850476,4,LiNO3:1.90; Li2SO4:0.20; NaNO3:3.20; NaClO4:0.30,1.0,0.8290688172388494,0.8143553432081526,0.9409863921602561,17,48,31,0.12350597609561742
{E8E51C7B-5323-ADBD-6E44-9159948BC228},AML07152019gugozt,123.4,8.84,21.5,1.808181,-1.198665,1.705042,-1.042164,3.0068460000000004,2.7472060000000003,0.9136503831589645,4,Na2SO4:0.20; LiNO3:0.10; NaNO3:0.30; NaClO4:5.80,0.6600000000000001,0.6650531000307257,0.6408276276999322,0.8647596788116215,174,174,0,0.0
{BE4E8230-0CBE-1685-E55C-D136578CD59C},AML07162019vgtnbi,139.4,8.02,21.3,1.755656,-0.983476,1.652366,-0.885585,2.739132,2.537951,0.9265530102236766,5,Na2SO4:0.30; LiNO3:3.30; Li2SO4:1.00; NaNO3:1.10; NaClO4:1.00,1.0,0.7869812901472709,0.7632552359158498,0.9389682275309529,75,135,60,0.24103585657370524
{BC426425-23EB-383E-8B4B-80964F2843CF},AML07162019vgtnbi,144.8,7.64,21.8,1.74237,-0.949741,1.634518,-0.864659,2.6921109999999997,2.499177,0.9283335642549658,4,LiNO3:5.40; Li2SO4:0.40; NaNO3:0.70; NaClO4:0.10,1.0,0.7975189850716379,0.7777851225546029,0.9371454737470402,59,121,62,0.24701195219123506
{9EC13737-3489-4D3A-6E54-91A96B3C64C7},AML07162019vgtnbi,117.6,8.54,21.4,1.76243,-1.202564,1.655467,-1.042754,2.964994,2.698221,0.9100257875732634,2,Li2SO4:0.10; NaClO4:6.40,0.9600000000000009,0.7334909507131685,0.6968543689122604,0.9232781411725345,109,185,76,0.302788844621514
{DC2EFB75-4AD7-2ED3-8C1C-75CD80AA3921},AML07162019vgtnbi,154.5,8.17,21.8,1.749097,-1.036983,1.647452,-0.690038,2.78608,2.33749,0.8389888301843449,5,Na2SO4:0.30; LiNO3:0.10; Li2SO4:0.30; NaNO3:4.40; NaClO4:1.70,1.0,0.7900669631309986,0.7752582515440006,0.7794062777045629,68,72,4,0.015936254980079667
{8A538E34-BBD6-96D5-5D8B-1298F94A1D49},AML07192019aatihd,134.8,8.25,22.2,1.737203,-1.036671,1.627592,-0.929261,2.773874,2.556853,0.9217624881303187,5,Na2SO4:0.80; LiNO3:0.20; Li2SO4:0.20; NaNO3:0.10; NaClO4:5.50,1.0,0.7759934560360476,0.7495254617980743,0.9307612708208775,84,151,67,0.26693227091633465
{0D6FEA45-36CB-848F-CA72-BB601DD75B88},AML07192019aatihd,131.6,8.25,22.2,1.771904,-1.045893,1.657913,-0.969261,2.8177969999999997,2.627174,0.9323503431936369,4,LiNO3:0.50; Li2SO4:0.10; NaNO3:0.20; NaClO4:5.80,1.0,0.7735106961995398,0.7442773146595691,0.9654052475583228,87,156,69,0.2749003984063745
{EF283BA3-8E5C-3685-42BD-BF647DA4FB1B},AML07192019aatihd,132.5,8.09,22.1,1.734486,-1.08572,1.625612,-0.997914,2.8202059999999998,2.623526,0.9302604136009923,4,Na2SO4:0.90; Li2SO4:0.30; NaNO3:0.10; NaClO4:5.50,1.0,0.775552643684461,0.7465941145043583,0.9631675443963117,86,155,69,0.2749003984063745
{D393E7E6-B3DB-7C9B-C428-09A1F4CD5DE6},AML07192019aatihd,135.6,8.21,21.8,1.747938,-1.052314,1.637909,-0.964949,2.800252,2.602858,0.9295084870933045,5,Na2SO4:0.30; LiNO3:0.30; Li2SO4:0.40; NaNO3:0.80; NaClO4:5.00,1.0,0.7824371692264483,0.7551137715890412,0.9604857404133396,79,148,69,0.2768924302788845
{15536953-E3C2-9AA8-0879-DA62E62C0DDD},AML07192019aatihd,137.3,8.19,21.7,1.739125,-1.057667,1.632248,-0.964879,2.796792,2.597127,0.9286092780585757,5,Na2SO4:0.80; LiNO3:0.20; Li2SO4:0.30; NaNO3:0.70; NaClO4:4.80,1.0,0.7865541620652542,0.7599395972658437,0.9606074920152954,77,142,65,0.2609561752988048
{467F6E89-A76C-86E2-4B66-E345521E4356},AML07192019aatihd,150.0,8.09,21.8,1.747486,-1.000795,1.637651,-0.916031,2.7482810000000004,2.5536820000000002,0.929192466127008,4,LiNO3:1.40; Li2SO4:0.20; NaNO3:1.40; NaClO4:3.10,1.0,0.81726614607868,0.7968901205403034,0.9705848499755825,24,91,67,0.2689243027888446
{04006F2E-2B11-D759-3A7D-576AC146B95F},AML07192019aatihd,153.6,7.88,21.7,1.733961,-0.980466,1.628241,-0.848784,2.714427,2.4770250000000003,0.9125406577520782,4,LiNO3:2.90; Li2SO4:0.10; NaNO3:0.40; NaClO4:1.80,1.0,0.8161114682686301,0.799702031072182,0.9265303034391817,27,75,48,0.19123505976095612
{E4D1B122-7B6E-1B1E-EA88-ECCEBD3998CA},AML07192019aatihd,137.9,8.08,21.7,1.760798,-1.048624,1.657905,-0.943242,2.809422,2.601147,0.9258655339069745,5,Na2SO4:0.10; LiNO3:1.60; Li2SO4:0.30; NaNO3:0.20; NaClO4:4.60,1.0,0.7882772896694642,0.7615378863813641,0.9599414166776584,74,140,66,0.2629482071713148
{E8B0A6B1-EE98-EF49-3C39-9A3C91239BA8},AML07192019aatihd,144.3,8.15,21.4,1.735995,-1.046533,1.631475,-0.947984,2.782528,2.579459,0.9270199617038893,4,LiNO3:0.10; Li2SO4:1.20; NaNO3:3.00; NaClO4:2.20,1.0,0.8040464723091003,0.7803645277545418,0.9661487848503475,45,122,77,0.3087649402390439
{645BD932-12A7-7EB5-2273-429204318D55},AML07192019aatihd,163.7,8.06,21.6,1.72491,-1.02903,1.618705,-0.918238,2.75394,2.536943,0.9212048919003318,4,LiNO3:0.10; Li2SO4:0.20; NaNO3:5.60; NaClO4:0.50,1.0,0.8503957420585112,0.8350024098674922,0.982254372588136,4,39,35,0.1394422310756972
{8C1B571C-F978-D7E4-91AB-1C2CE5C11D3C},AML07192019aatihd,139.5,9.59,21.1,1.756632,-1.006299,1.665315,-0.696721,2.762931,2.3620360000000002,0.8549022758802157,4,LiNO3:0.50; Li2SO4:2.70; NaNO3:0.20; NaClO4:3.50,0.0,0.42803643330997027,0.4486408406569995,0.46305531638525255,244,134,-110,0.4382470119521913
{79C23413-E923-3C05-5638-9659E82B14DA},A08082019rcqnlw,126.3,6.74,21.2,1.614004,-0.95778,1.516232,-0.87816,2.571784,2.394392,0.9310237562719108,2,NaNO3:1.00; NaClO4:1.00,1.0,0.7386932595151623,0.7167026385112037,0.8607248659821944,107,167,60,0.23904382470119528
{D76B271C-CB2E-933C-A98A-D358834CC133},A08082019rcqnlw,156.2,7.58,21.1,1.649935,-0.961909,1.54969,-0.780788,2.611844,2.3304780000000003,0.8922730454039369,2,NaNO3:1.00; NaClO4:2.00,1.0,0.798771041591585,0.7910553720217596,0.8481695971690737,57,61,4,0.015936254980079667
{2547D1CE-5BE2-71CC-5CCA-8353B7A3591E},A08082019yicxul,127.6,6.83,21.3,1.617303,-0.959247,1.518322,-0.86032,2.57655,2.378642,0.9231887601637849,2,NaNO3:1.00; NaClO4:1.00,1.0,0.7396926789623471,0.7185645470271959,0.8472054332370257,106,165,59,0.2350597609561753
{41E50B41-A68E-61E4-D30D-B8B9FC4CB525},A08082019yicxul,155.8,7.62,21.3,1.652682,-0.992556,1.553834,-0.782487,2.645238,2.336321,0.8832176915649933,2,NaNO3:1.00; NaClO4:2.00,1.0,0.7978577562718573,0.7885786277788144,0.8380904608616622,58,62,4,0.017928286852589626
{E92470A8-53B7-0575-2E46-1D923D25E78D},A08082019uigkul,126.1,6.83,21.3,1.619304,-0.946744,1.516904,-0.756179,2.5660480000000003,2.273083,0.8858302728553791,2,NaNO3:1.00; NaClO4:1.00,1.0,0.7211528271194387,0.7025104676541423,0.7547056854723664,116,169,53,0.21115537848605576
{5C7864BA-37D7-E898-9F90-AFC987727795},A08082019uigkul,155.6,7.59,21.3,1.653495,-0.988815,1.55099,-0.810874,2.64231,2.361864,0.8938633241368348,2,NaNO3:1.00; NaClO4:2.00,1.0,0.8025326453621391,0.7925292497278892,0.8613523684722931,50,65,15,0.05976095617529875
{8A3E9C29-D21C-D40C-AB83-54338FEAE662},A08082019uigkul,164.2,7.93,21.5,1.685626,-1.053622,1.583588,-0.904656,2.739248,2.488244,0.9083675519704678,2,NaNO3:1.00; NaClO4:3.00,1.0,0.8431751101092744,0.8296448374859271,0.9476702184868162,6,34,28,0.11354581673306774
{BD7B1593-D933-6EDE-9F11-A13C49C66AE9},A08082019uigkul,157.0,7.92,21.8,1.729387,-1.116503,1.626748,-0.950207,2.84589,2.576955,0.9055005639712006,2,NaNO3:1.00; NaClO4:4.00,1.0,0.8357470232743641,0.8143262019348142,0.9640948851878166,10,53,43,0.17131474103585664
{32B53139-3B96-FA0B-2866-8B85273AD7D9},A08082019uigkul,139.2,7.98,21.8,1.755815,-1.157064,1.645998,-1.010789,2.912879,2.656787,0.9120828568574252,2,NaNO3:1.00; NaClO4:5.00,1.0,0.7945105797231186,0.7654888980559801,0.9670374960741589,65,137,72,0.28884462151394424
{87298563-699B-2158-2B20-8E722B2413F8},A08082019uigkul,115.9,8.12,22.0,1.812771,-1.216558,1.70851,-1.075285,3.0293289999999997,2.783795,0.918947727368008,2,NaNO3:1.00; NaClO4:6.00,1.0,0.7385931797655014,0.7007897700523167,0.9775475110371296,108,187,79,0.31474103585657376
{88636388-51EE-9A97-ADDC-54741526AA72},A08082019uigkul,151.9,7.37,21.5,1.659604,-0.9742,1.558654,-0.723761,2.633804,2.282415,0.8665849850634291,2,NaNO3:2.00; NaClO4:1.00,1.0,0.7792282739040294,0.7701518908099195,0.7874597237962313,82,82,0,0.0
{C0B444C7-6913-AC2D-3680-D60B03D4ED35},A08082019uigkul,165.2,7.59,21.6,1.686404,-1.029387,1.582377,-0.844988,2.7157910000000003,2.427365,0.8937966875948847,2,NaNO3:2.00; NaClO4:2.00,1.0,0.83416451436594,0.8235552824984089,0.9071008166563248,11,29,18,0.07171314741035861
{67331D49-137E-D1B2-D46A-5FCFCD96A9A0},A08082019uigkul,162.8,7.79,21.8,1.722137,-1.092375,1.618479,-0.927636,2.814512,2.546115,0.9046381752858044,2,NaNO3:2.00; NaClO4:3.00,1.0,0.8470858629974295,0.8289527463094009,0.9628653808123807,5,41,36,0.14342629482071712
{E72B85B7-2FB7-91AC-1F44-1EBF32AEFD7A},A08082019uigkul,148.6,7.95,22.1,1.761683,-1.149946,1.659225,-0.97132,2.911629,2.6305449999999997,0.9034616017356606,2,NaNO3:2.00; NaClO4:4.00,1.0,0.8176266781749255,0.7914135938786984,0.9652058402540684,23,99,76,0.30478087649402386
{8C25CF99-F697-C9B3-26C1-9E572CAE6EE6},A08082019uigkul,127.5,8.12,22.2,1.789629,-1.193648,1.683651,-1.037117,2.983277,2.720768,0.9120064948712439,2,NaNO3:2.00; NaClO4:5.00,1.0,0.7661088687183527,0.7322273724766504,0.9678991854015031,90,166,76,0.30278884462151395
{53CAB14B-5A67-4058-36CA-EDEC7893207D},A08082019uigkul,165.1,7.48,21.7,1.682203,-1.007381,1.570506,-0.845116,2.689584,2.415622,0.8981396379514452,2,NaNO3:3.00; NaClO4:1.00,1.0,0.8326067143412902,0.8233637400182544,0.9077957382746213,15,30,15,0.05976095617529886
{04C73CE4-61A8-3342-122D-D22EA0A71248},A08082019uigkul,167.4,7.66,21.3,1.703408,-1.052503,1.602936,-0.912035,2.755911,2.514971,0.9125733741038806,2,NaNO3:3.00; NaClO4:2.00,1.0,0.8552102819076631,0.8414941392534792,0.9702487548882734,3,23,20,0.08366533864541836
{AAA771D5-1F6E-738C-044B-4989B732CEF2},A08082019uigkul,156.8,7.84,21.1,1.749679,-1.125271,1.644663,-0.932355,2.87495,2.577018,0.896369675994365,2,NaNO3:3.00; NaClO4:3.00,1.0,0.8340541080578232,0.8116254349720721,0.9520514229881263,12,54,42,0.16733067729083673
{3CC85BC3-C189-61F7-A9AD-414B8012458C},A08082019uigkul,138.4,8.04,21.4,1.792378,-1.219027,1.690182,-1.055395,3.011405,2.745577,0.9117262540242843,2,NaNO3:3.00; NaClO4:4.00,1.0,0.7966315630988673,0.7655698435885745,1.0,62,139,77,0.30677290836653387
{811B7742-9708-481D-D2C6-E72CA39337AB},A08082019uigkul,170.7,7.5,21.4,1.713421,-1.038299,1.613139,-0.575006,2.75172,2.188145,0.7951917346241623,2,NaNO3:4.00; NaClO4:1.00,1.0,0.7888849978059764,0.7854259475534401,0.6981810115199855,70,15,-55,0.21912350597609564
{987A7F24-6871-9417-2924-68CFE32554F7},A08082019uigkul,164.1,7.69,21.7,1.743055,-1.098275,1.64133,-0.704132,2.84133,2.345462,0.8254803208356649,2,NaNO3:4.00; NaClO4:2.00,1.0,0.8090885429007597,0.7953704785001202,0.7852711029759635,37,36,-1,0.003984063745019917
{0BC976CE-6511-34F2-8A64-A92DDE5A8528},A08082019uigkul,148.4,7.94,21.8,1.767861,-1.145995,1.66487,-0.988222,2.913856,2.653092,0.9105089613213556,2,NaNO3:4.00; NaClO4:3.00,1.0,0.8194650560992067,0.7930772446261618,0.982692007973097,20,101,81,0.32470119521912344
{C728CD3D-8F64-3AC1-255C-2BDE9394431E},A08082019uigkul,170.5,7.54,21.4,1.720829,-1.067428,1.614756,-0.931648,2.7882569999999998,2.546404,0.9132601478271193,2,NaNO3:5.00; NaClO4:1.00,1.0,0.8671434755796817,0.8523439142935101,0.9899878171914629,1,16,15,0.05976095617529875
{CE55911B-3494-64C3-A826-217B9E49902D},A08082019uigkul,157.7,7.79,21.4,1.753104,-1.125434,1.648198,-0.975625,2.878538,2.623823,0.9115123719054603,2,NaNO3:5.00; NaClO4:2.00,1.0,0.8428711138807207,0.8201303115571216,0.9917393271496852,7,51,44,0.17529880478087656
{A0A3756C-1996-1342-9DE2-C26476ED0DC2},A08082019uigkul,165.7,7.62,21.4,1.728594,-1.08694,1.626592,-0.953289,2.815534,2.5798810000000003,0.9163025557496377,2,NaNO3:6.00; NaClO4:1.00,1.0,0.8601818023972836,0.842282258729606,0.9971198608101691,2,28,26,0.10358565737051795
{38DE8839-90D1-2658-4E5A-5B84BB207A1E},A08082019uigkul,72.2,6.01,21.0,1.570143,-0.934903,1.470045,-0.73344,2.505046,2.203485,0.8796185778624425,1,NaNO3:1.00,0.5099999999999998,0.4379797643349355,0.41452404619381095,0.452807552263039,241,240,-1,0.003984063745019917
{6F5AB618-2569-B402-A877-6DCE7DD8F153},A08082019uigkul,117.2,5.91,20.8,1.624523,-0.938217,1.524787,-0.687967,2.56274,2.212754,0.8634328882368091,1,NaNO3:2.00,0.41000000000000014,0.49607953376420305,0.5005625042579495,0.497832210832316,235,186,-49,0.1952191235059761
{3B1E979C-AA36-B5A6-A445-6047ACB7524A},A08082019uigkul,146.7,5.9,20.4,1.647993,-0.96829,1.543318,-0.852394,2.616283,2.395712,0.9156929888700878,1,NaNO3:3.00,0.40000000000000036,0.5748928612873775,0.5888126026593954,0.6949775206869387,210,112,-98,0.3904382470119522
{96991FD3-F267-6D61-C5B4-38C478B999A8},A08082019uigkul,164.2,5.93,20.9,1.667884,-0.974845,1.562627,-0.781515,2.642729,2.3441419999999997,0.8870156569213111,1,NaNO3:4.00,0.4299999999999997,0.6115313228317762,0.6314946072138391,0.6838356609807648,198,34,-164,0.651394422310757
{CD33BF4A-EE37-BB27-834D-5A50685BC1EF},A08082019uigkul,173.2,5.96,21.1,1.697852,-1.010686,1.589119,-0.833027,2.708538,2.4221459999999997,0.8942632519831731,1,NaNO3:5.00,0.45999999999999996,0.6459414203528772,0.6647607677086004,0.7520664471583715,182,14,-168,0.6693227091633467
{CD210EF3-8782-CC49-9B4A-B7847AC0A5D9},A08082019uigkul,176.0,6.0,21.0,1.711749,-1.039046,1.606666,-0.917843,2.750795,2.524509,0.9177379630252346,1,NaNO3:6.00,0.5,0.6780209903334703,0.6936441607841812,0.8408946062682685,161,10,-151,0.601593625498008
{B6BBEE56-6A44-E2C5-A640-FE532DF4CF73},A08082019uigkul,173.4,6.17,21.2,1.728001,-1.081077,1.62242,-0.989711,2.809078,2.6121309999999998,0.929889095283221,1,NaNO3:7.00,0.6699999999999999,0.7642455025100858,0.7678892254263094,0.9391966487381049,98,13,-85,0.33864541832669326
{0EA89D02-40B4-7C1B-0107-715C0E82E2E7},A08082019uigkul,85.7,7.15,20.8,1.530929,-0.885178,1.439259,-0.601209,2.4161070000000002,2.040468,0.8445271670501348,1,NaClO4:1.00,1.0,0.6061971668593619,0.5799082478168067,0.5261158984465086,200,225,25,0.10159362549800798
{002BB164-BEE7-EA15-ED8A-D3236E8C961C},A08082019uigkul,135.6,7.5,20.5,1.537132,-0.985646,1.443256,-0.830675,2.5227779999999997,2.273931,0.9013599294111493,1,NaClO4:2.00,1.0,0.7444712452044262,0.7312869728430907,0.7946058610908971,104,148,44,0.17729083665338646
{CE287932-9624-953A-9A59-97BA5911A998},A08082019uigkul,159.4,7.76,20.5,1.594579,-1.04591,1.505228,-0.830421,2.6404889999999996,2.335649,0.8845516872064229,1,NaClO4:3.00,1.0,0.8056521065233619,0.7981863754352349,0.8470102692400642,43,47,4,0.015936254980079667
{FDA7B14C-8341-4BFB-BA54-DD53B589C923},A08082019uigkul,161.8,7.84,20.5,1.604838,-1.056293,1.506607,-0.964429,2.661131,2.471036,0.9285660871261128,1,NaClO4:4.00,1.0,0.8373529167484454,0.8263085958589559,0.9616597538455763,9,44,35,0.1394422310756972
{4F22D78F-CF9D-E213-A658-31D8C7627159},A08082019uigkul,149.4,7.93,20.6,1.670806,-1.122259,1.574447,-0.99975,2.793065,2.574197,0.9216387731757048,1,NaClO4:5.00,1.0,0.8169268794935873,0.7947622506487838,0.9678032129573328,25,93,68,0.27091633466135456
{3A6B5D27-98C7-EEDD-EABC-98B69A8E4F69},A08092019jjwmzw,128.8,8.05,21.8,1.713953,-1.165175,1.615213,-1.018086,2.879128,2.633299,0.9146168562147984,1,NaClO4:6.00,1.0,0.765080860120237,0.7336618314899594,0.9393740893563371,93,162,69,0.2749003984063745
{5C77AE04-13D1-8E38-67E1-49E89A5D64D8},A08092019jjwmzw,104.1,8.03,22.0,1.741929,-1.207798,1.636713,-1.073813,2.949727,2.7105259999999998,0.9189074107536052,1,NaClO4:7.00,1.0,0.7060882534051977,0.6656983566709247,0.9240205948634858,137,208,71,0.28486055776892427
{214A9ABD-B4DD-CA1E-C771-6BDF9D7C8236},A08092019ythtqw,72.7,8.8,22.0,1.57827,-0.960743,1.479056,-0.825222,2.539013,2.304278,0.907548720703675,2,LiNO3:1.00; Li2SO4:1.00,0.6999999999999993,0.524645070909971,0.4908505779270221,0.5891973876873389,221,239,18,0.07171314741035856
{1911DC75-1835-7EC5-3AEE-42823185BC83},A08092019ythtqw,99.4,8.8,22.0,1.621175,-0.94476,1.517881,-0.812913,2.565935,2.330794,0.9083605001685545,2,LiNO3:2.00; Li2SO4:1.00,0.6999999999999993,0.5865672368202901,0.5630579063138912,0.6562078417687734,205,214,9,0.03585657370517928
{6D135743-3627-79A7-12D5-45AEE4451233},A08092019ythtqw,118.4,8.76,21.9,1.674413,-0.948726,1.576717,-0.77928,2.623139,2.355997,0.8981594189251884,2,LiNO3:3.00; Li2SO4:1.00,0.7400000000000002,0.6479643458995996,0.6299496126234861,0.7052472283475761,181,182,1,0.003984063745019972
{C97C36CE-3313-10BF-89BE-48CB479E5D28},A08092019ythtqw,129.4,8.67,22.0,1.678198,-0.950224,1.570315,-0.866292,2.628422,2.436607,0.9270227535761,2,LiNO3:4.00; Li2SO4:1.00,0.8300000000000001,0.7151492890458518,0.6961403045866992,0.825161039802778,121,161,40,0.15936254980079678
{EB620CCA-124A-1E69-D611-437B1308E122},A08092019ythtqw,135.0,8.54,22.0,1.691727,-0.963858,1.589772,-0.885929,2.655585,2.475701,0.9322620062999302,2,LiNO3:5.00; Li2SO4:1.00,0.9600000000000009,0.7643843451847654,0.7424655240843817,0.899906370092966,96,150,54,0.21513944223107567
{DCBE6D3D-89D3-369D-5EB3-7BC1DF89FBAD},A08092019ythtqw,136.1,8.39,21.9,1.728481,-0.975958,1.620315,-0.890597,2.704439,2.510912,0.9284409816601521,2,LiNO3:6.00; Li2SO4:1.00,1.0,0.7757669745322571,0.7521176505374985,0.9238353275361062,85,145,60,0.23904382470119517
{D548E380-7A76-7F85-7ECA-3318104D9E40},A08092019ythtqw,82.8,8.92,22.0,1.592699,-0.958905,1.500951,-0.816355,2.551604,2.317306,0.9081761903492861,2,LiNO3:1.00; Li2SO4:2.00,0.5800000000000001,0.5026670116774727,0.4773420593759244,0.5783176928775736,231,229,-2,0.007968127490039847
{4ACDD325-3E35-6C77-DA8F-D5B2C0AAFAC0},A08092019ythtqw,101.6,8.82,22.0,1.642673,-0.943067,1.545229,-0.67921,2.58574,2.224439,0.8602717210547077,2,LiNO3:2.00; Li2SO4:2.00,0.6799999999999997,0.570093419064148,0.5510053839879939,0.551087020686972,212,211,-1,0.003984063745019917
{CD48889B-3423-2BC3-9D5E-3416508C2B9B},A08092019ythtqw,113.6,8.68,22.2,1.658491,-0.967583,1.552525,-0.88137,2.626074,2.4338949999999997,0.9268188939077877,2,LiNO3:3.00; Li2SO4:2.00,0.8200000000000003,0.6718711362638676,0.6462675251427444,0.7878359949853481,168,193,25,0.09960159362549798
{6658B1A3-ED8D-8481-827A-E65820B03D69},A08092019ythtqw,120.6,8.54,22.1,1.698736,-0.976803,1.582217,-0.909457,2.675539,2.4916739999999997,0.931279267467228,2,LiNO3:4.00; Li2SO4:2.00,0.9600000000000009,0.7281018225463116,0.6997844577101435,0.8750314827599722,113,179,66,0.2629482071713147
{8EAAA4C5-CB68-9CAD-60A6-55CBE4C2D54F},A08092019ythtqw,122.8,8.38,22.0,1.711117,-0.978424,1.600908,-0.910433,2.689541,2.511341,0.9337433413359378,2,LiNO3:5.00; Li2SO4:2.00,1.0,0.7413616727125236,0.7130549746690361,0.9031264320485133,105,175,70,0.27888446215139445
{F5D1C1C0-4C95-7269-94F9-6BD33CB52EE2},A08092019ythtqw,86.9,8.75,22.1,1.60669,-0.973062,1.508416,-0.875937,2.579752,2.384353,0.9242566727344333,2,LiNO3:1.00; Li2SO4:3.00,0.75,0.5812380315823162,0.5488286970092253,0.6874317129450004,207,222,15,0.05976095617529881
{69A49FAD-2376-C931-EB8A-96036768C9D8},A08092019ythtqw,98.9,8.65,22.2,1.65904,-0.955196,1.555428,-0.674295,2.614236,2.229723,0.8529157275777703,2,LiNO3:2.00; Li2SO4:3.00,0.8499999999999996,0.61949893481586,0.5921249764432356,0.5917553363482518,193,215,22,0.08764940239043825
{CFC2A9CE-0D7B-9BBD-8881-B9C24619DB21},A08092019ythtqw,106.8,8.52,22.2,1.69174,-0.97162,1.593115,-0.873331,2.66336,2.466446,0.9260655713084224,2,LiNO3:3.00; Li2SO4:3.00,0.9800000000000004,0.6940302582326815,0.6613036649404606,0.8360295663439429,152,206,54,0.21713147410358563
{AA671CDC-B22E-64B4-3E61-4AA24E93BAE8},A08092019ythtqw,110.2,8.36,22.0,1.721606,-0.995982,1.618909,-0.912605,2.717588,2.531514,0.931529724152447,2,LiNO3:4.00; Li2SO4:3.00,1.0,0.7108706831981483,0.6773311391307506,0.8820815709911713,125,202,77,0.30677290836653387
{E44FB683-610A-FD8C-5BE5-AC6818233D3A},A08092019ythtqw,86.7,8.59,22.2,1.634534,-0.978941,1.541299,-0.843366,2.6134749999999998,2.384665,0.9124498990807259,2,LiNO3:1.00; Li2SO4:4.00,0.9100000000000001,0.6252095356584012,0.5885685187047276,0.7225003005586765,191,223,32,0.12749003984063745
{038F6478-5D85-3F7D-E442-2CA54C027760},A08092019ythtqw,94.5,8.49,22.0,1.658044,-0.98739,1.557174,-0.90482,2.645434,2.461994,0.9306578807106887,2,LiNO3:2.00; Li2SO4:4.00,1.0,0.6677779055155674,0.6313626579316384,0.8208682176886503,170,217,47,0.18725099601593626
{F777D1FA-6CBF-C227-CBD7-6DF44F5726A4},A08092019ythtqw,98.4,8.35,22.1,1.683027,-0.989729,1.576549,-0.922128,2.672756,2.498677,0.9348691014069371,2,LiNO3:3.00; Li2SO4:4.00,1.0,0.6799030862020449,0.6437103346766601,0.8488422140765692,160,216,56,0.22310756972111553
{EBE7F746-2744-CC07-2FE8-974E7962D177},A08092019ythtqw,83.4,8.44,22.2,1.642071,-0.987164,1.546889,-0.881636,2.629235,2.428525,0.923662205926819,2,LiNO3:1.00; Li2SO4:5.00,1.0,0.6400035023555206,0.601059288320088,0.7756448043847548,183,228,45,0.1792828685258964
{1AB2F97D-49C6-37BC-C393-4D0D4DDADC27},A08092019ythtqw,87.7,8.33,22.0,1.688299,-1.001394,1.589748,-0.909906,2.689693,2.499654,0.9293454680515583,2,LiNO3:2.00; Li2SO4:5.00,1.0,0.6550725992825277,0.6153851977887692,0.8199382523573308,176,221,45,0.17928286852589642
{7D49E1E7-DA6B-5398-E88E-1CDBB4ED4821},A08092019ythtqw,78.2,8.28,22.1,1.675363,-1.022947,1.573412,-0.933363,2.69831,2.506775,0.9290166808113226,2,LiNO3:1.00; Li2SO4:6.00,1.0,0.6347491682365717,0.5922688067136281,0.8025855986480172,188,231,43,0.1713147410358566
{2631565A-3DD4-93AB-D447-711533898A4C},A08092019ythtqw,37.6,8.55,22.1,1.507803,-0.896078,1.423587,-0.419998,2.403881,1.843585,0.7669202427241615,1,Li2SO4:1.00,0.9499999999999993,0.4939519178345367,0.45907920303625854,0.23354949304218536,236,247,11,0.043824701195219126
{30D186D1-8D4B-7FCE-3309-934A1C598E76},A08092019ythtqw,57.5,8.67,22.1,1.515692,-0.95657,1.429927,-0.694409,2.472262,2.124336,0.8592681520000711,1,Li2SO4:2.00,0.8300000000000001,0.5181152355600271,0.4815695926272364,0.46586743395310437,225,243,18,0.07171314741035856
{468DBDC0-3C59-54DF-40D2-6437461BFE6D},A08092019ythtqw,69.0,8.64,22.0,1.539432,-0.926033,1.451185,-0.583623,2.465465,2.034808,0.825324228897997,1,Li2SO4:3.00,0.8599999999999994,0.5386119198959989,0.5073656923514586,0.42053596886685496,216,242,26,0.10358565737051795
{8857FDA4-D355-639E-C6D7-CA079B7FC5A2},A08092019ythtqw,74.8,8.57,22.1,1.567968,-0.992961,1.475435,-0.714432,2.560929,2.189867,0.8551064867475827,1,Li2SO4:4.00,0.9299999999999997,0.5842302306765382,0.5487963774147657,0.5539246948082467,206,236,30,0.11952191235059761
{FEED1697-6B52-32F8-1842-676B879BB215},A08092019ythtqw,76.3,8.48,22.1,1.573916,-0.983498,1.488521,-0.713647,2.557414,2.202168,0.8610917121748766,1,Li2SO4:5.00,1.0,0.6036424464345198,0.5682199624213167,0.5916033426457813,202,233,31,0.12350597609561752
{8BCB596C-FA14-81EE-BC27-0798A581BFCE},A08092019ythtqw,74.5,8.39,22.0,1.592933,-1.011601,1.503842,-0.895515,2.604534,2.3993569999999997,0.9212231439482071,1,Li2SO4:6.00,1.0,0.6188177126161178,0.5782786228846674,0.7425086226902216,194,237,43,0.17131474103585656
{55D7E85D-31DC-67DC-88C0-93723C35AD19},A08092019ythtqw,70.5,8.28,22.2,1.612324,-1.00998,1.522115,-0.914402,2.622304,2.4365170000000003,0.9291512349445373,1,Li2SO4:7.00,1.0,0.6137167913848264,0.5713335800779197,0.7589936663166097,195,241,46,0.18326693227091634
{CB274B1F-C756-74A0-5F0C-DA4CF88980F0},A08092019ythtqw,54.1,9.22,22.1,1.614754,-0.859456,1.521568,-0.429158,2.4742100000000002,1.950726,0.7884237797115038,1,LiNO3:1.00,0.27999999999999936,0.269481277274245,0.25597344071580325,0.12644961263913657,249,244,-5,0.0199203187250996
{A193856D-2881-6584-2B11-5AA5C4C58728},A08092019ythtqw,91.5,9.13,22.1,1.644803,-0.870309,1.547783,-0.508588,2.5151120000000002,2.056371,0.8176061344385458,1,LiNO3:2.00,0.3699999999999992,0.4019317721198476,0.40029143064117495,0.3115363196258191,245,218,-27,0.10756972111553784
{D2B4FA6C-8582-5DC5-7CF2-5A3CB5D0ED40},A08092019ythtqw,118.2,8.99,22.1,1.666458,-0.91927,1.565811,-0.634651,2.585728,2.200462,0.8510028897084302,1,LiNO3:3.00,0.5099999999999998,0.5369073008229176,0.5363019803148683,0.5107092614337845,217,183,-34,0.13545816733067728
{DDD893B4-0250-16A8-3F83-ABA805612897},A08092019ythtqw,136.0,8.84,22.0,1.704902,-0.948535,1.602737,-0.719136,2.653437,2.321873,0.8750435755587942,1,LiNO3:4.00,0.6600000000000001,0.6531262259349591,0.648514622994584,0.6736338505666978,178,146,-32,0.12749003984063745
{B29332A8-EF54-8652-D277-B7A4296A26D8},A08092019ythtqw,146.5,8.69,21.6,1.730598,-0.963263,1.629952,-0.780776,2.693861,2.410728,0.894896952738096,1,LiNO3:5.00,0.8100000000000005,0.7456636026612974,0.7345928810551449,0.8031783352306138,102,113,11,0.043824701195219196
{6C16C74A-F5C0-CAE1-376B-C378310069B2},A08092019ythtqw,150.7,8.53,21.3,1.741022,-0.964517,1.634834,-0.747905,2.705539,2.382739,0.8806892083241085,1,LiNO3:6.00,0.9700000000000006,0.7894730286880021,0.7749145489536974,0.833147044341322,69,85,16,0.0677290836653387
{7008C3E9-1DC4-9527-6069-DB5A2F2BF22B},A08092019ythtqw,150.7,8.38,21.1,1.752436,-0.973991,1.63401,-0.896214,2.726427,2.530224,0.9280365841447432,1,LiNO3:7.00,1.0,0.8165291565253447,0.7974698565908795,0.9612966151839494,26,85,59,0.23904382470119523
{FCBCED67-798D-7B9D-2BC3-ECC99D66B69E},A08132019wepeaa,76.0,6.0,23.0,0.751769,-0.979989,0.735823,-0.901226,1.7317580000000001,1.637049,0.9453104879550144,1,NaBr:1.00,0.5,0.3852694756073119,0.39252594499818116,0.31759307607115844,247,234,-13,0.051792828685258974
{655AD7D5-A53E-2DD2-41C3-12B0AA6C9F16},A08132019wepeaa,134.3,5.89,23.1,0.729693,-0.973584,0.71346,-0.924867,1.703277,1.6383269999999999,0.9618676234106373,1,NaBr:2.00,0.3899999999999997,0.46821252504828276,0.5110243110752216,0.42573955882740466,239,152,-87,0.3446215139442231
{C63CBD5C-8473-BCA6-D4FD-8AAB75705D4A},A08132019wepeaa,178.4,5.75,23.2,0.715999,-0.976639,0.699909,-0.919097,1.692638,1.6190060000000002,0.9564986724863793,1,NaBr:3.00,0.25,0.5019261119894536,0.5583109033226735,0.4587946735382665,232,9,-223,0.8884462151394422
{C4AE261D-2419-41D8-6104-2C3B8DBADE95},AML08302019nyacan,169.9,7.27,23.5,0.886749,-0.903589,0.867312,-0.85846,1.790338,1.725772,0.9639364187097632,3,NaNO3:1.30; NaBr:0.60; NaClO4:2.50,1.0,0.7158986365579088,0.7583934032152423,0.7291852467951121,119,17,-102,0.40239043824701193
{4DBDD753-959C-5410-5451-DF8D0BD4439E},AML08302019nyacan,159.9,5.86,23.7,0.906817,-0.884262,0.892414,-0.856347,1.7910789999999999,1.748761,0.9763729014744744,4,Na2SO4:1.20; NaNO3:2.90; NaBr:0.40; NaClO4:0.20,0.3600000000000003,0.5183183272491982,0.5675680813100122,0.531639110335635,224,45,-179,0.7111553784860558
{19D56FD7-675B-8AC8-3BB5-2DDD515AB9B7},AML08302019nyacan,154.3,6.76,22.6,1.820832,-0.931126,1.688713,-0.799886,2.751958,2.488599,0.9043012284344455,3,Na2SO4:2.10; NaNO3:1.90; NaClO4:2.60,1.0,0.8184462265561523,0.8008144495525434,0.9220431601903646,21,73,52,0.20717131474103578
{5DD5296E-E0EB-BBBB-516C-986C5E7A068C},AML08302019nyacan,128.5,5.48,22.2,0.889666,-0.796157,0.872898,-0.613526,1.685823,1.486424,0.8817200856792201,3,Na2SO4:2.20; NaNO3:1.30; NaBr:0.50,0.0,0.33960060079395193,0.38547262991763953,0.12846554438418303,248,163,-85,0.33864541832669326
{FFA1B498-EC5A-CC32-69DD-9658D12BAF83},AML08302019nyacan,158.1,6.66,22.3,0.870257,-0.922035,0.855824,-0.865913,1.792292,1.721737,0.9606342046943244,4,Na2SO4:2.50; NaNO3:0.80; NaBr:1.10; NaClO4:2.60,1.0,0.7000204443155055,0.7361367097830945,0.6988495559699835,148,49,-99,0.39442231075697204
{430B0878-5715-CC63-C1CB-EFFC6F448E77},AML08302019nyacan,168.5,6.53,22.5,0.846653,-0.934511,0.832081,-0.865523,1.781164,1.6976040000000001,0.9530868578075911,3,Na2SO4:2.10; NaBr:2.20; NaClO4:2.50,1.0,0.70887101087855,0.7510992374341723,0.7013002350657124,133,21,-112,0.446215139442231
{DC602CDE-9BB9-F073-8113-D3176BCB82D3},AML08302019nyacan,156.6,6.59,22.7,0.799313,-0.905989,0.948367,-0.860702,1.705302,1.809069,1.0608496324991115,4,Na2SO4:2.00; NaNO3:1.90; NaBr:0.10; NaClO4:1.80,1.0,0.7158270095894936,0.7511474644042546,0.8581287988751932,120,57,-63,0.24701195219123506
{A9E415AD-E124-5D4C-BB3C-B286D8363ADF},AML08302019nyacan,174.0,6.59,22.5,0.833952,-0.950017,0.819015,-0.874038,1.783969,1.693053,0.9490372310281177,4,Na2SO4:0.40; NaNO3:1.10; NaBr:2.60; NaClO4:2.40,1.0,0.7140780855751993,0.7586790104483162,0.7057663180021736,122,12,-110,0.4382470119521913
{731BC1B4-E291-E5D5-BD46-ADA505BF0446},AML08302019nyacan,155.3,6.33,22.6,0.904175,-0.885222,0.891328,-0.846097,1.789397,1.737425,0.9709555788905425,4,Na2SO4:2.20; NaNO3:1.80; NaBr:0.50; NaClO4:1.00,0.8300000000000001,0.6663980459998898,0.7046896373772296,0.6588193166686331,171,68,-103,0.40836653386454186
{130B480A-ADA3-44BA-8E5E-ABDCADEEAB64},AML08302019nyacan,155.3,6.12,22.2,0.903996,-0.881057,0.890593,-0.840613,1.785053,1.731206,0.9698345091154157,4,Na2SO4:2.30; NaNO3:2.00; NaBr:0.50; NaClO4:0.70,0.6200000000000001,0.6006104110282873,0.6433598219594894,0.5887440308015377,203,68,-135,0.5358565737051793
{B594CEB8-BF5E-6554-9C41-6EA8B9E532E3},AML08302019vgfnqf,194.7,5.64,21.9,0.821105,-0.914466,0.806777,-0.862734,1.735571,1.669511,0.9619375986346856,4,Na2SO4:1.10; NaNO3:1.00; NaBr:4.30; NaClO4:0.60,0.13999999999999968,0.5003287681671618,0.556237211658751,0.4849012133509202,233,2,-231,0.9203187250996016
{A698F332-BCE8-0829-0B74-8D67899273EC},AML08302019vgfnqf,167.4,6.6,22.0,0.843775,-0.983777,0.831687,-0.887785,1.827552,1.7194720000000001,0.9408607798847858,3,NaNO3:1.70; NaBr:2.40; NaClO4:2.60,1.0,0.7108422038981489,0.7507915786737198,0.6920510759532362,126,23,-103,0.40637450199203184
{25A5C78B-5F1C-36B9-06E6-2DA98ABA1868},AML08302019vgfnqf,167.4,6.91,21.9,0.86889,-0.924641,0.855124,-0.817964,1.7935310000000002,1.673088,0.9328458777684911,4,Na2SO4:0.40; NaNO3:1.90; NaBr:1.00; NaClO4:2.60,1.0,0.7024882954781273,0.7437378222965829,0.6634965630896315,144,23,-121,0.4780876494023904
{2F1CD03B-153F-7A76-8C74-A4AABA487A71},AML08302019vgfnqf,166.7,6.41,21.7,0.854783,-0.877105,0.838257,-0.756526,1.731888,1.594783,0.9208349500660551,3,Na2SO4:0.10; NaBr:1.60; NaClO4:1.40,0.9100000000000001,0.6741680081732595,0.7194286959011837,0.5874095108014227,167,27,-140,0.5577689243027888
{7EE75A76-6EF8-1766-0757-BC6710847267},AML08302019vgfnqf,157.3,6.37,21.7,0.871936,-0.92545,0.857589,-0.874175,1.797386,1.731764,0.9634903131547704,4,Na2SO4:2.60; NaNO3:0.90; NaBr:1.00; NaClO4:2.50,0.8700000000000001,0.6777948679229893,0.716249116319276,0.6638199879737694,163,52,-111,0.4422310756972111
{42D791CD-1212-8313-668D-775257ED72E9},AML08302019vgfnqf,150.1,6.31,21.8,1.796459,-0.897229,1.680288,-0.802144,2.693688,2.482432,0.9215736937611188,3,Na2SO4:2.80; NaNO3:1.30; NaClO4:2.70,0.8099999999999996,0.7651871295560096,0.7542646743801009,0.8730353671351907,92,89,-3,0.009960159362549792
{B4210D94-1DC7-CE9F-E117-B8FA8D5D7AAC},AML08302019vgfnqf,156.7,6.83,21.8,0.78602,-0.949247,0.953449,-0.875773,1.735267,1.8292220000000001,1.0541444054430817,4,Na2SO4:1.50; NaNO3:1.70; NaBr:0.10; NaClO4:2.90,1.0,0.7193903207521157,0.7536900841074308,0.8577419385583042,117,55,-62,0.2450199203187251
{469E219E-4D63-6157-B750-CCFE727B7791},AML08302019vgfnqf,156.6,6.22,21.8,0.900641,-0.902582,0.89125,-0.836081,1.803223,1.727331,0.9579131366447744,4,Na2SO4:2.80; NaNO3:1.30; NaBr:0.60; NaClO4:1.80,0.7199999999999998,0.634957617127545,0.675842221658037,0.6062192654830502,187,57,-130,0.5139442231075697
{B7529651-6529-36CB-EEB0-19A417D473F3},AML08302019vgfnqf,156.7,6.39,22.0,0.894919,-0.938491,0.884917,-0.874718,1.83341,1.7596349999999998,0.9597607736403749,4,Na2SO4:2.10; NaNO3:1.90; NaBr:0.60; NaClO4:2.40,0.8899999999999997,0.6858105406448428,0.7219771051188519,0.6751285395073756,157,55,-102,0.4043824701195219
{D3D6BD6D-D72F-8722-A554-BEAE96F5995B},AML08302019vgfnqf,154.7,6.39,21.9,1.826029,-0.901052,1.720944,-0.772612,2.727081,2.493556,0.914368146747383,3,Na2SO4:2.10; NaNO3:1.90; NaClO4:2.50,0.8899999999999997,0.8020267627807983,0.7878729109021133,0.903010608590742,53,71,18,0.0717131474103585
{A40B2864-109B-6716-E12C-A25A7E278B3A},AML08302019vgfnqf,155.7,6.52,21.9,0.912239,-0.924533,0.901464,-0.869718,1.836772,1.771182,0.9642906141861919,4,Na2SO4:2.10; NaNO3:1.30; NaBr:0.30; NaClO4:2.70,1.0,0.7051403444721249,0.737809237101865,0.7180626445207529,142,64,-78,0.3107569721115538
{B7AFBCEF-8FC7-9946-E450-69A4391DC742},AML08302019vgfnqf,155.5,6.53,21.9,0.907474,-0.92123,0.896613,-0.875265,1.828704,1.771878,0.9689255341487741,4,Na2SO4:2.20; NaNO3:1.10; NaBr:0.40; NaClO4:2.80,1.0,0.705150734924312,0.7379365053394863,0.7238368960145785,141,66,-75,0.29880478087649404
{1421906E-85AD-8B68-DA0A-CB51DD52D65A},AML08302019vgfnqf,155.4,6.99,21.8,1.799515,-0.863773,1.69512,-0.601733,2.663288,2.296853,0.8624125517030077,3,Na2SO4:1.00; NaNO3:0.80; NaClO4:2.50,1.0,0.788467076121822,0.7794964777674254,0.7951143723066083,73,67,-6,0.0239043824701195
{426C0DB4-5E79-18B6-7CE6-E8B98FD76758},AML08302019vgfnqf,151.3,6.59,21.5,1.815515,-0.908821,1.713714,-0.78905,2.724336,2.502764,0.9186693564964087,3,Na2SO4:2.40; NaNO3:0.60; NaClO4:3.20,1.0,0.8140351644893166,0.7958354024696022,0.9397402159700065,30,83,53,0.2111553784860558
{0E611A55-202C-8DDF-2FA7-93D1CE43A789},AML08302019vgfnqf,145.4,6.37,21.2,1.771145,-0.856791,1.6716,-0.68528,2.627936,2.35688,0.8968559356087819,3,Na2SO4:2.20; NaNO3:0.60; NaClO4:2.00,0.8700000000000001,0.7542362515296439,0.7432219299924908,0.8010275621977612,99,118,19,0.07968127490039845
{876EA0D9-AAD4-8A68-2935-77D86857E180},AML08302019vgfnqf,163.8,5.21,21.5,1.821942,-0.880628,1.720542,-0.615381,2.7025699999999997,2.335923,0.8643339487968861,2,Na2SO4:1.80; NaNO3:4.60,0.0,0.4666273345628912,0.4961434034922874,0.5152842507445601,240,38,-202,0.804780876494024
{1DEC60A3-01B3-272D-BEE4-534355CE75A6},AML09032019awzhtx,149.1,6.37,23.1,0.83511,-0.874141,0.940734,-0.843406,1.709251,1.7841399999999998,1.0438139278549492,4,Na2SO4:2.40; NaNO3:0.60; NaBr:0.10; NaClO4:2.20,0.8700000000000001,0.6761496337246586,0.7106164895421356,0.76997630831348,164,96,-68,0.27091633466135456
{69F6B1E1-9B3F-7CB8-FBD4-9190674572BF},AML09032019awzhtx,140.6,6.78,22.1,0.826581,-0.850107,0.946801,-0.809433,1.676688,1.756234,1.0474423387058296,4,Na2SO4:1.00; NaNO3:0.70; NaBr:0.10; NaClO4:1.60,1.0,0.6816708047106209,0.7086427861917626,0.7868865622587278,158,131,-27,0.10756972111553786
{0BDC6E87-9CDC-AB9F-D482-112AE1C90542},AML09032019awzhtx,153.0,6.94,21.8,0.802409,-0.912194,0.946886,-0.855187,1.7146029999999999,1.802073,1.0510147246913717,4,Na2SO4:2.20; NaNO3:0.50; NaBr:0.10; NaClO4:3.10,1.0,0.7090064738997094,0.7421243625643378,0.8353307287921826,132,76,-56,0.22310756972111556
{05E750A3-9390-1E77-B244-BCB4C8EAAD86},AML09032019awzhtx,168.8,5.43,22.0,0.924955,-0.879795,0.917062,-0.844984,1.8047499999999999,1.762046,0.9763379969524866,3,Na2SO4:1.20; NaNO3:4.70; NaBr:0.20,0.0,0.4364366580630392,0.4879456674264425,0.44187848308494054,242,20,-222,0.8844621513944223
{132A81F2-7DC2-8787-BB9B-BF761B89A924},AML09032019awzhtx,163.9,6.21,22.3,0.922161,-0.897272,0.913976,-0.855796,1.819433,1.7697720000000001,0.972705232893984,4,Na2SO4:1.40; NaNO3:3.50; NaBr:0.20; NaClO4:1.20,0.71,0.6502769397406494,0.6937830314450859,0.6538866896666572,180,37,-143,0.5697211155378485
{E5BF0359-31E4-F386-FE4E-299192D8F4EC},AML09032019awzhtx,152.2,6.7,22.5,0.947508,-0.885334,0.942293,-0.839976,1.8328419999999999,1.7822689999999999,0.9724073324378206,4,Na2SO4:1.00; NaNO3:0.50; NaBr:0.10; NaClO4:2.40,1.0,0.7021109169907062,0.7325355409876904,0.7255263971160951,145,77,-68,0.2709163346613546
{5E72282B-C1A2-399A-C268-E229C585AFF2},AML09032019awzhtx,157.8,6.9,22.3,1.793328,-0.883561,1.685206,-0.693538,2.676889,2.378744,0.8886225764310736,3,Na2SO4:1.10; NaNO3:0.80; NaClO4:2.90,1.0,0.8094994992909024,0.7987281844493279,0.865906322146995,34,50,16,0.06374501992031878
{50FFE408-E076-2747-9DE8-322DD621E8A6},AML09032019awzhtx,164.5,5.86,22.3,1.811568,-0.873527,1.706108,-0.701471,2.685095,2.407579,0.896645742515628,3,Na2SO4:1.20; NaNO3:4.00; NaClO4:0.40,0.3600000000000003,0.5894670756699116,0.6103673913024602,0.6997500572724084,204,33,-171,0.6812749003984064
{49586D8D-863C-DEB7-D0B9-39EE2E958CB8},AML09032019awzhtx,155.2,6.65,22.2,0.893587,-0.939445,0.883058,-0.866558,1.833032,1.749616,0.9544928839212845,4,Na2SO4:2.20; NaNO3:0.20; NaBr:0.60; NaClO4:3.40,1.0,0.7003695398711332,0.7331347015224698,0.6959990950211574,147,70,-77,0.30677290836653387
{77612088-2309-59BB-D1D6-4951A96D9E48},AML09032019awzhtx,152.1,6.42,22.2,0.886378,-0.905602,0.872445,-0.866187,1.7919800000000001,1.738632,0.9702295784551166,3,Na2SO4:3.20; NaBr:0.70; NaClO4:2.90,0.9199999999999999,0.6816613671377842,0.7159344270368655,0.6800843015436743,159,78,-81,0.32071713147410363
{24347DB6-36B0-366C-32C7-073832FABED3},AML09032019awzhtx,120.0,5.38,22.2,1.706879,-0.847174,1.599198,-0.745593,2.554053,2.344791,0.9180666963449857,3,Na2SO4:5.90; NaNO3:0.60; NaClO4:0.40,0.0,0.3924605267138099,0.4080409051673901,0.4963185852786684,246,180,-66,0.2629482071713148
{EE810897-EB4E-C3F8-A855-7DE5D1C48B8A},AML09032019awzhtx,179.3,6.4,21.9,0.853774,-0.893236,0.838058,-0.854495,1.74701,1.692553,0.968828455475355,4,Na2SO4:0.20; NaNO3:1.20; NaBr:1.60; NaClO4:1.60,0.9000000000000004,0.7054441936279464,0.7556740459812946,0.7103245178801756,139,7,-132,0.5258964143426295
{EC26DA69-4463-675F-E863-979C9E08C2A5},AML09032019awzhtx,150.7,7.04,22.1,1.869665,-0.987771,1.757257,-0.784987,2.857436,2.542244,0.8896941173835565,3,Na2SO4:1.00; NaNO3:2.60; NaClO4:3.40,1.0,0.8137074952105989,0.7905419003736436,0.9171138478838089,31,85,54,0.21912350597609564
{498555BA-7868-B489-765D-49E554194811},A09032019rnwleb,41.0,9.32,22.6,1.651469,-0.795305,1.562893,-0.52451,2.446774,2.087403,0.853124563200361,1,LiClO4:1.00,0.17999999999999972,0.23267075047917637,0.20964580437305494,0.20427238649705784,250,246,-4,0.01593625498007968
{F33B671D-493B-6709-E429-2F2EE9A58CB1},A09032019rnwleb,73.5,8.67,23.0,1.660986,-0.795724,1.571928,-0.494111,2.45671,2.066039,0.8409779746083176,1,LiClO4:2.00,0.8300000000000001,0.5421312228838647,0.512311521361186,0.4527503967368005,215,238,23,0.09163346613545817
{D06B3FED-3E1D-ABAF-A766-F98CCC966FE4},A09032019rnwleb,100.2,8.62,22.6,1.689613,-0.770666,1.607537,-0.421666,2.460279,2.029203,0.8247857255213737,1,LiClO4:3.00,0.8800000000000008,0.60635330873344,0.5871833198629121,0.48878957768755943,199,213,14,0.05577689243027889
{A671209D-7C7D-BC13-5A80-D77D5BE91CA3},A09032019rnwleb,122.0,8.51,22.5,1.71797,-0.789003,1.633213,-0.495154,2.506973,2.128367,0.8489788282522388,1,LiClO4:4.00,0.9900000000000002,0.6897576290735854,0.6748572761236881,0.6388261910761475,155,176,21,0.08366533864541831
{C0C7D3C6-965D-6D74-499A-F6F149E1BDE3},A09032019rnwleb,139.2,8.41,22.4,1.737353,-0.818986,1.652866,-0.618502,2.556339,2.271368,0.8885237834262201,1,LiClO4:5.00,1.0,0.7514142572563854,0.7391218819931484,0.7846949249605891,100,137,37,0.14940239043824705
{FC1E2A4E-F13B-D1D4-613E-3C765EDBC72B},A09032019rnwleb,151.0,8.27,22.4,1.763111,-0.841666,1.672831,-0.692542,2.6047770000000003,2.365373,0.9080904046680386,1,LiClO4:6.00,1.0,0.7938996927091203,0.7829544646076141,0.8713335616792491,66,84,18,0.07171314741035861
{84AC99B2-1D8B-91C7-14E6-512465E5B234},A09032019rnwleb,159.9,8.08,22.0,1.787153,-0.827523,1.700706,-0.616834,2.6146760000000002,2.31754,0.8863583862780704,1,LiClO4:7.00,1.0,0.8039023128975388,0.7981858657984634,0.8432004597607184,46,45,-1,0.0019920318725099584
{BE253A5B-9DDB-9264-28A5-1A5AD173B9A2},AML09042019snxlou,187.7,5.75,21.8,0.837178,-0.853021,0.824644,-0.799726,1.690199,1.62437,0.9610525151180423,4,Na2SO4:0.20; NaNO3:0.20; NaBr:3.20; NaClO4:0.10,0.25,0.5161562163487114,0.5732357694799541,0.48605629008511736,227,5,-222,0.8844621513944223
{CCF09466-EAB1-F34C-EC87-3DEEAEEBFDE0},AML09042019snxlou,149.3,6.67,22.0,1.854042,-0.946411,1.738405,-0.820398,2.800453,2.558803,0.91371038899778,3,Na2SO4:2.20; NaNO3:1.30; NaClO4:3.30,1.0,0.8143509182395843,0.7921615768712241,0.9513952388875447,28,94,66,0.26294820717131473
{33CC258B-8A49-35B2-D665-3BA798B12D64},AML09042019snxlou,139.9,5.52,21.8,1.788565,-0.884604,1.689491,-0.637842,2.6731689999999997,2.3273330000000003,0.8706269599864432,3,Na2SO4:4.30; NaNO3:2.10; NaClO4:0.20,0.019999999999999574,0.43035387345814013,0.45291879871081075,0.47654684315112816,243,133,-110,0.43824701195219123
{83FCD7E1-5719-A916-5389-56A69EECD69D},AML09042019nanizt,194.5,5.6,22.2,0.832322,-0.914932,0.820519,-0.828284,1.7472539999999999,1.648803,0.9436538705877909,4,Na2SO4:0.80; NaNO3:2.10; NaBr:4.00; NaClO4:0.10,0.09999999999999964,0.4886393192904468,0.5441956137063739,0.44036344336782424,237,3,-234,0.9322709163346614
{7860DD30-94C2-16A2-2029-E25E02340B5B},AML09042019nanizt,134.3,6.02,21.9,0.774972,-0.84983,0.961867,-0.775198,1.6248019999999999,1.737065,1.0690933418348822,4,Na2SO4:1.00; NaNO3:2.00; NaBr:0.10; NaClO4:0.20,0.5199999999999996,0.5303986118638284,0.569685702589573,0.6425627217168037,220,152,-68,0.2689243027888446
{A8BE021B-7D43-A9EE-BECE-3EB54A378AB3},AML09042019nanizt,169.9,6.29,21.9,0.890807,-0.900305,0.878308,-0.79719,1.791112,1.675498,0.9354512727288968,3,NaNO3:2.60; NaBr:0.90; NaClO4:0.40,0.79,0.6653288598822495,0.7119985350074592,0.6067826368380345,173,17,-156,0.6175298804780875
{80A0EFB3-717A-D19B-2DCD-5AAFD8DF2584},AML09042019nanizt,162.6,6.32,22.1,0.910506,-0.889369,0.900828,-0.806257,1.7998750000000001,1.707085,0.9484464198902701,4,Na2SO4:0.40; NaNO3:2.60; NaBr:0.50; NaClO4:0.60,0.8200000000000003,0.6688695314678996,0.7113046639995682,0.6301283189347646,169,42,-127,0.5059760956175299
{4D017683-8D2C-A798-532C-625E9BD4664F},AML09042019nanizt,153.8,6.49,21.9,0.980975,-0.935304,0.958508,-0.869163,1.916279,1.827671,0.9537603866660335,4,Na2SO4:2.00; NaNO3:1.90; NaBr:0.20; NaClO4:2.80,0.9900000000000002,0.7101818652480824,0.7385090018900651,0.7198416137505061,128,74,-54,0.21513944223107573
{AAA3F094-4BF3-9076-5873-7928D303EDCD},AML09042019nanizt,114.8,6.08,21.8,0.909765,-0.853387,0.896496,-0.795905,1.763152,1.6924009999999998,0.9598724330063431,4,Na2SO4:2.20; NaNO3:0.20; NaBr:0.50; NaClO4:0.60,0.5800000000000001,0.5035673939845077,0.5271865498856142,0.4639092719644937,230,189,-41,0.16334661354581673
{B59E4028-B1CF-5548-4C2B-67B3ED97D347},AML09042019nanizt,155.8,6.71,22.1,0.735688,-0.922446,0.960402,-0.818066,1.658134,1.778468,1.0725719393004425,4,Na2SO4:1.10; NaNO3:0.80; NaBr:0.10; NaClO4:2.80,1.0,0.7095297927118658,0.7459298513330829,0.8593353880248518,129,62,-67,0.2649402390438247
{658EAE98-541B-1F7A-950E-6FE2A77C33E5},AML09042019nanizt,162.1,7.15,21.7,1.830757,-0.956563,1.723112,-0.7518,2.7873200000000002,2.474912,0.8879181435931287,3,Na2SO4:0.40; NaNO3:1.30; NaClO4:3.10,1.0,0.8335768468623922,0.8177761335717908,0.911940711688564,13,43,30,0.11952191235059761
{A1F4A7E5-1667-48C2-B876-9785FB934FD8},AML09042019nanizt,178.9,6.19,22.1,0.859287,-0.94264,0.849913,-0.851827,1.801927,1.70174,0.9444000783605551,4,Na2SO4:0.10; NaNO3:3.50; NaBr:1.90; NaClO4:0.90,0.6900000000000004,0.6525553704359988,0.7027957125310256,0.61576035939117,179,8,-171,0.6812749003984064
{CB7F26B2-AF22-42B0-998C-2F49B1B96C12},AML09042019nanizt,156.6,7.41,22.0,1.814663,-1.000864,1.713217,-0.846968,2.815527,2.560185,0.9093093406669516,2,Na2SO4:0.60; NaClO4:4.60,1.0,0.8333850987173766,0.813077000088603,0.9614983904746456,14,57,43,0.17529880478087656
{3FB38A41-0363-47A6-6ACB-313C85DA80D2},AML09042019nanizt,164.9,6.64,22.2,0.85476,-0.983336,0.844234,-0.883488,1.838096,1.727722,0.9399519938022823,4,Na2SO4:0.50; NaNO3:1.00; NaBr:1.90; NaClO4:3.10,1.0,0.7091475274953595,0.7474098704993123,0.6889543787758738,131,31,-100,0.398406374501992
{CEB19E2A-E477-6A44-B58A-3252D455EEBA},AML09042019nanizt,184.8,5.73,22.4,0.845973,-0.867383,0.833554,-0.788253,1.713356,1.621807,0.9465674384074295,3,Na2SO4:0.40; NaNO3:0.50; NaBr:2.90,0.23000000000000043,0.5058262915342546,0.562314360917091,0.4542266678800874,229,6,-223,0.8884462151394422
{82057D2E-FE98-5629-A6F4-FCD1925EA014},AML09042019nanizt,168.0,6.55,22.6,1.860046,-0.972652,1.719698,-0.69251,2.832698,2.4122079999999997,0.8515584788777341,3,Na2SO4:0.10; NaNO3:5.00; NaClO4:1.30,1.0,0.8314305384406665,0.8173567177546768,0.8530289317325189,16,22,6,0.02390438247011961
{E65E974B-D862-4929-9747-9E433265D7E8},AML09052019ekmtsp,149.0,6.27,23.2,0.867703,-0.862697,0.854085,-0.811753,1.7304,1.665838,0.9626895515487749,4,Na2SO4:0.50; NaNO3:0.20; NaBr:1.40; NaClO4:0.80,0.7699999999999996,0.6284981853396595,0.6671202239926284,0.5879809665510085,190,97,-93,0.3705179282868526
{38DD30DA-BC59-E86C-E991-EE1AEB42A133},AML09052019ekmtsp,148.2,7.17,23.7,1.883934,-1.00445,1.773847,-0.740561,2.8883840000000003,2.514408,0.8705241408344596,3,Na2SO4:0.30; NaNO3:1.90; NaClO4:4.40,1.0,0.8020772385777157,0.7776973971639688,0.8764552371468489,52,103,51,0.20318725099601587
{5D7BEDB7-62D3-FDA8-B73D-02AAC1833468},AML09052019ekmtsp,189.9,5.84,24.2,0.832458,-0.916154,0.81907,-0.845312,1.748612,1.6643819999999998,0.9518303660274547,3,NaNO3:2.90; NaBr:3.50; NaClO4:0.40,0.33999999999999986,0.5487088069027729,0.6043501984984685,0.5230346728885336,214,4,-210,0.8366533864541833
{5C195AB5-7974-9563-15CD-A7E582E2EE1F},AML09052019ekmtsp,175.2,6.59,24.0,0.869447,-0.892585,0.856874,-0.813441,1.762032,1.670315,0.9479481643920201,4,Na2SO4:0.10; NaNO3:0.70; NaBr:1.40; NaClO4:1.80,1.0,0.711304690951263,0.7571583289461227,0.6978871108196126,124,11,-113,0.45019920318725104
{41340A98-336D-B5F3-8B66-D10971993FAA},AML09052019ekmtsp,164.8,5.82,24.2,0.877947,-0.873973,0.864945,-0.81621,1.7519200000000001,1.681155,0.9596071738435544,4,Na2SO4:1.60; NaNO3:2.00; NaBr:1.20; NaClO4:0.20,0.3200000000000003,0.5064523732432757,0.5588313596950839,0.4811101974284845,228,32,-196,0.7808764940239044
{22C57A8C-0DC4-60AF-C64E-ABBA0258751F},AML09052019ekmtsp,128.1,6.14,25.0,1.898846,-1.079538,1.778784,-0.935925,2.978384,2.714709,0.9114704484042353,3,Na2SO4:0.50; NaNO3:1.00; NaClO4:5.30,0.6399999999999997,0.6657963887349779,0.6456883057961009,0.8526040667449594,172,164,-8,0.03187250996015939
{B2C0C2DE-6978-32C6-5C6E-11F170D09C4B},AML09052019ekmtsp,124.7,6.24,24.1,0.962772,-1.044375,0.95941,-0.931632,2.007147,1.8910420000000001,0.9421542119236909,4,Na2SO4:0.30; NaNO3:0.40; NaBr:0.20; NaClO4:5.80,0.7400000000000002,0.6051089501842619,0.617902680148678,0.5907862197253544,201,172,-29,0.11354581673306771
{6A788641-3118-E177-B468-8DA2C9186A15},AML09052019ekmtsp,112.2,6.64,22.4,1.913447,-1.118138,1.794522,-0.967172,3.0315849999999998,2.761694,0.9109736326047266,2,NaNO3:0.30; NaClO4:6.70,1.0,0.7279446264810507,0.6888381030492008,0.9509484056104675,114,197,83,0.3306772908366533
{34384ED5-BD17-FC2A-DABB-79FD349A6EC5},AML09052019ekmtsp,169.9,5.75,22.2,0.900964,-0.916563,0.890187,-0.839538,1.8175270000000001,1.729725,0.9516915016943351,4,Na2SO4:1.50; NaNO3:4.10; NaBr:0.70; NaClO4:0.20,0.25,0.4973990735827409,0.5496342559879455,0.4787364091300055,234,17,-217,0.8605577689243027
{5A84ABD6-8652-CC5A-6B72-45CB5FF0E219},AML09052019ekmtsp,166.8,6.09,22.4,0.912492,-0.914579,0.90296,-0.854601,1.8270710000000001,1.757561,0.9619555014556084,4,Na2SO4:1.40; NaNO3:3.60; NaBr:0.40; NaClO4:0.80,0.5899999999999999,0.6117321140899186,0.6581381002224256,0.6035500753240947,197,26,-171,0.6812749003984063
{CC26D5CD-C0BC-1B09-7171-4A1A9361B4D3},AML09052019ekmtsp,119.7,6.5,23.0,1.929371,-1.100627,1.821515,-0.959535,3.029998,2.78105,0.9178388896626335,3,Na2SO4:0.10; NaNO3:0.50; NaClO4:6.10,1.0,0.7482202503698927,0.7115498485993615,0.9829465148355022,101,181,80,0.3187250996015936
{E6033E2C-E496-3CE3-70B8-E426ED456D21},AML09092019wxesiv,109.8,8.56,23.8,1.817872,-0.910373,1.721721,-0.800194,2.728245,2.521915,0.9243726278248472,2,LiNO3:3.10; Li2SO4:2.60,0.9399999999999995,0.699065100290918,0.6655621060803805,0.8494131800145559,149,203,54,0.21513944223107573
{D18E6191-A2E5-0CB3-64F1-4AC07DFE7B51},AML09092019wxesiv,126.0,8.23,24.1,1.723406,-0.796852,1.633377,-0.549303,2.520258,2.18268,0.8660541896901031,2,Li2SO4:0.40; LiClO4:4.30,1.0,0.7081364920116926,0.6931342307927352,0.6935422824016763,135,170,35,0.1394422310756972
{8BAD5B87-1FF9-874C-DD76-5E134A82BB95},AML09092019wxesiv,113.1,8.22,24.1,1.800024,-0.865311,1.702878,-0.766503,2.6653350000000002,2.469381,0.9264805362177736,3,LiNO3:1.20; Li2SO4:2.20; LiClO4:2.50,1.0,0.7127618763926271,0.6821573511704457,0.8571173790943599,123,195,72,0.28685258964143423
{E79E7A7A-1E1F-D797-EA6B-3C12177C6AA4},AML09092019wxesiv,89.0,8.87,23.7,1.745939,-0.838753,1.65378,-0.664331,2.584692,2.318111,0.896861598983554,3,LiNO3:1.10; Li2SO4:2.60; LiClO4:0.20,0.6300000000000008,0.5350832952309654,0.5098346469220639,0.5928424543644962,218,220,2,0.007968127490039834
{14CC4631-9438-0DE4-CAED-BC7BCC789A80},AML09092019wxesiv,111.4,8.56,22.6,1.81375,-0.856222,1.70669,-0.74771,2.669972,2.4544,0.9192605765154092,3,LiNO3:1.20; Li2SO4:2.30; LiClO4:2.40,0.9399999999999995,0.6970188281300599,0.6663244972629082,0.8195402065758285,151,200,49,0.19521912350597606
{75917368-C4F2-2D58-004B-37AF8D9618ED},AML09092019wxesiv,113.8,8.67,22.2,1.813993,-0.843928,1.716272,-0.745093,2.657921,2.461365,0.9260489683478177,2,LiNO3:3.20; Li2SO4:2.20,0.8300000000000001,0.6778906899948359,0.6508213340367227,0.8012741870108159,162,191,29,0.1155378486055777
{DA70701C-E8A8-D64A-2AE7-3A9E2DF39CCA},AML09092019wxesiv,112.9,8.56,22.1,1.829458,-0.856623,1.72703,-0.771538,2.686081,2.498568,0.9301908617052129,3,LiNO3:3.40; Li2SO4:2.60; LiClO4:0.20,0.9399999999999995,0.7053214693402211,0.6740479622887363,0.8540576102827061,140,196,56,0.22310756972111553
{7E159610-4425-E575-C312-ECD68791BBFA},AML09092019wxesiv,106.8,8.52,22.3,1.785515,-0.85618,1.690542,-0.743253,2.641695,2.433795,0.9213005286378632,3,LiNO3:0.40; Li2SO4:2.60; LiClO4:3.00,0.9800000000000004,0.6909506135955291,0.6592224141265072,0.8170482875336422,154,206,52,0.2091633466135458
{14E79BDB-D31D-D8E8-D107-2AF218B05786},AML09092019wxesiv,114.6,8.56,22.7,1.822804,-0.851705,1.724999,-0.768577,2.674509,2.493576,0.9323490779055146,3,LiNO3:3.00; Li2SO4:2.40; LiClO4:0.80,0.9399999999999995,0.7093538768201343,0.6790016328874962,0.8583731551351513,130,190,60,0.23904382470119523
{A72C06C9-96B8-3AE0-B413-E44B533B7D80},AML09092019wxesiv,112.1,8.53,23.0,1.802847,-0.850915,1.703803,-0.735448,2.653762,2.439251,0.9191672048962944,3,LiNO3:1.10; Li2SO4:2.30; LiClO4:2.60,0.9700000000000006,0.7027039176755261,0.6726083325094128,0.824346124025007,143,198,55,0.21912350597609562
{8460FA6C-2936-6A32-8389-63A7146F26C3},AML09092019wxesiv,104.1,8.47,23.0,1.814344,-0.854755,1.715444,-0.773679,2.669099,2.489123,0.9325705041289214,3,LiNO3:2.50; Li2SO4:3.30; LiClO4:0.70,1.0,0.6926727980453347,0.6585463071877308,0.8539819797035737,153,208,55,0.22111553784860555
{AC425BA5-CC86-AE9C-C831-C8545F35FE82},AML09092019wxesiv,103.5,8.7,23.1,1.793563,-0.847939,1.695483,-0.70694,2.641502,2.402423,0.9094912667111363,3,LiNO3:2.20; Li2SO4:2.60; LiClO4:0.10,0.8000000000000007,0.6369765302893747,0.6081968860628656,0.7259911874818341,186,210,24,0.09561752988047809
{0B7CDECF-A1DB-7731-A7DE-0E1A86BC4242},AML09092019wxesiv,85.7,8.55,23.0,1.779213,-0.864658,1.6831,-0.769343,2.643871,2.452443,0.9275955596925872,3,LiNO3:1.10; Li2SO4:4.70; LiClO4:0.10,0.9499999999999993,0.6379105303198831,0.5989597263334192,0.7791361472261368,185,225,40,0.16135458167330674
{6843B784-18B9-EA48-EE6A-C75E98956A45},AML09092019wxesiv,108.4,8.52,22.7,1.818736,-0.856123,1.720249,-0.776226,2.6748589999999997,2.4964749999999998,0.9333108773210103,3,LiNO3:2.90; Li2SO4:2.90; LiClO4:0.40,0.9800000000000004,0.7008407691964162,0.6679411982790553,0.8604658956320126,146,205,59,0.2350597609561753
{B8B9BA55-6BC1-7FD3-6E1C-7C5E404F07CA},AML09092019wxesiv,101.3,8.52,22.8,1.756965,-0.855407,1.66576,-0.741964,2.612372,2.407724,0.9216619991333546,2,Li2SO4:3.00; LiClO4:3.10,0.9800000000000004,0.6754839821501448,0.6428433851203549,0.7957768714529256,165,212,47,0.18725099601593628
{19A519CC-4DDA-FF5C-EAB4-3A62C7102D74},AML09092019wxesiv,125.6,8.66,22.8,1.826,-0.845606,1.730069,-0.732511,2.671606,2.46258,0.9217601697256257,2,LiNO3:4.00; Li2SO4:1.40,0.8399999999999999,0.7107013885564163,0.6880459651709238,0.8239600149062697,127,171,44,0.1752988047808765
{510B74E2-52ED-BE1C-6249-B3AA0C6C1F3B},AML09102019rsadsq,117.9,8.43,24.0,1.835226,-0.857219,1.738073,-0.767991,2.692445,2.506064,0.9307763018371776,3,LiNO3:3.80; Li2SO4:2.20; LiClO4:0.30,1.0,0.728182370699105,0.698144081427347,0.8870699939301383,112,184,72,0.28685258964143423
{9DDC0334-E767-1FC1-2A06-35B8141EC633},AML09102019rsadsq,43.6,9.36,24.0,1.688497,-0.700746,1.593916,-0.253196,2.389243,1.847112,0.7730950765577215,2,LiNO3:0.30; LiClO4:0.30,0.14000000000000057,0.17808389636794408,0.16980380839853354,0.0,251,245,-6,0.02390438247011952
{6EEFD396-7CA7-B98B-468A-8C9585C22F7E},AML09102019rsadsq,113.7,8.43,23.3,1.841338,-0.85736,1.734331,-0.767581,2.698698,2.501912,0.9270811331983053,3,LiNO3:3.60; Li2SO4:2.60; LiClO4:0.20,1.0,0.717032468860383,0.6854727635500434,0.8719838227188037,118,192,74,0.29482071713147406
{326792BA-52B0-346B-B5B6-1C8C1243BDB4},AML09102019rsadsq,150.5,8.36,22.7,1.873161,-0.851158,1.776409,-0.741636,2.724319,2.518045,0.9242841972617744,3,LiNO3:4.40; Li2SO4:0.10; LiClO4:2.40,1.0,0.8142717795476295,0.7954442896730309,0.9512803274607998,29,88,59,0.2350597609561753
{8B21CCD7-D881-3331-5473-8C59AC6BCE49},AML09102019rsadsq,149.2,8.43,22.1,1.860536,-0.853587,1.763909,-0.734815,2.714123,2.498724,0.9206377161241404,3,LiNO3:4.10; Li2SO4:0.20; LiClO4:2.30,1.0,0.808295090712082,0.7896796971713395,0.9362909873962592,38,95,57,0.22709163346613548
{19651B27-3417-0077-5548-D2598D138A16},AML09102019rsadsq,147.3,8.49,22.1,1.862127,-0.8539,1.766323,-0.729827,2.716027,2.49615,0.919044619217703,3,LiNO3:5.60; Li2SO4:0.20; LiClO4:0.50,1.0,0.8028963691028472,0.7835473663942272,0.9292916322865459,48,108,60,0.23904382470119523
{4827C4CD-35E3-7280-3217-E764C1837CA7},AML09102019rsadsq,152.0,8.47,22.3,1.860857,-0.842351,1.764526,-0.697921,2.703208,2.462447,0.9109350815771483,2,LiNO3:4.60; LiClO4:1.80,1.0,0.8100423031274113,0.7937115172827275,0.9153958804826642,33,80,47,0.18924302788844627
{C28CEA12-11B2-2DA7-EA6C-01A3C921D584},AML09102019rsadsq,152.1,8.39,22.4,1.870245,-0.864322,1.772171,-0.766897,2.734567,2.539068,0.9285082428040708,2,LiNO3:4.90; LiClO4:1.90,1.0,0.8212765921656353,0.802327527674161,0.9683027682842111,18,78,60,0.24103585657370508
{32BEA849-67C7-3B6A-EF9B-8E44A584DA3E},AML09102019rsadsq,141.6,8.4,22.5,1.858411,-0.848835,1.759077,-0.741643,2.707246,2.5007200000000003,0.9237136189323025,3,LiNO3:4.80; Li2SO4:0.60; LiClO4:1.20,1.0,0.7888704458964522,0.7674600901971363,0.9252077696857363,71,128,57,0.22709163346613548
{1E991928-C9E8-5A2E-E2CB-470C75FA7179},AML09102019rsadsq,139.4,8.47,22.5,1.850471,-0.849943,1.752585,-0.739636,2.700414,2.492221,0.9229033029750253,3,LiNO3:4.70; Li2SO4:0.70; LiClO4:0.80,1.0,0.7821336025397112,0.7602213584928147,0.916242871465417,80,135,55,0.22111553784860555
{2035BE8E-3514-264D-B970-5697254F7DB4},AML09102019rsadsq,145.4,8.45,22.6,1.857429,-0.846271,1.763104,-0.726675,2.7037,2.489779,0.9208784258608573,2,LiNO3:5.90; Li2SO4:0.30,1.0,0.7973881046020231,0.777782813452067,0.9251654408977313,60,118,58,0.2350597609561753
{E1B9C944-ECD0-2886-A9A3-A5D85C7A8511},AML09102019rsadsq,136.3,8.35,22.5,1.86064,-0.878782,1.76585,-0.791944,2.7394220000000002,2.557794,0.9336984225139463,3,LiNO3:5.70; Li2SO4:1.00; LiClO4:0.10,1.0,0.7810086984138769,0.7558333962866238,0.9494833031261861,81,144,63,0.2509960159362549
{4E136BD3-2AF4-A606-E15E-6D1EF6CA9FC8},AML09102019rsadsq,150.0,8.55,22.5,1.842282,-0.83314,1.74355,-0.70485,2.675422,2.4484,0.915145349032788,2,LiNO3:3.00; LiClO4:2.80,0.9499999999999993,0.7972479390839162,0.781927264906658,0.8953029401516635,61,91,30,0.12151394422310757
{7E8C6C4A-8588-65CF-733A-5D8B7F3806F3},AML09102019rsadsq,130.1,8.68,22.7,1.818825,-0.840279,1.722682,-0.671549,2.659104,2.394231,0.9003901314126863,3,LiNO3:2.90; Li2SO4:0.60; LiClO4:1.20,0.8200000000000003,0.7073500046138146,0.6894176126428102,0.772733766691864,136,160,24,0.09561752988047806
{C1D69E3B-ED77-43DC-AAB2-9C11978073B2},AML09102019rsadsq,126.2,8.88,22.8,1.804631,-0.813033,1.708323,-0.593889,2.617664,2.302212,0.8794910271142514,3,LiNO3:3.30; Li2SO4:0.20; LiClO4:0.20,0.6199999999999992,0.6131097602590726,0.607068278836913,0.6385643816180245,196,168,-28,0.11155378486055775
{8BA2A463-189D-9C7A-FAB7-9213ED06F56D},AML09102019rsadsq,141.8,8.47,22.8,1.840171,-0.844353,1.741651,-0.735132,2.684524,2.476783,0.9226153314330585,3,LiNO3:3.40; Li2SO4:0.50; LiClO4:2.00,1.0,0.786708550643034,0.7664804054508645,0.914764494172162,76,127,51,0.20318725099601598
{551AEBBE-9DC2-5FAE-193C-69974EBE02EB},AML09112019kspqmt,145.7,8.54,23.7,1.829657,-0.841153,1.724132,-0.740503,2.6708100000000004,2.464635,0.9228043177912317,2,LiNO3:5.30; Li2SO4:0.10,0.9600000000000009,0.7905178545632693,0.7729122525937588,0.9057053907267232,67,117,50,0.19920318725099606
{FEE2BCB8-3D56-4825-CD39-70B89C1AC7BE},AML09112019kspqmt,113.5,8.85,23.1,1.763821,-0.77728,1.672217,-0.465748,2.5411010000000003,2.137965,0.8413538068734772,3,LiNO3:1.30; Li2SO4:0.40; LiClO4:1.90,0.6500000000000004,0.5745916175357433,0.5662788732514955,0.5080587505901478,211,194,-17,0.06772908366533864
{751654AE-5591-0253-5792-4CABD44D12CC},AML09112019kspqmt,145.9,8.39,22.6,1.861618,-0.863998,1.76603,-0.75528,2.725616,2.5213099999999997,0.9250422656749886,3,LiNO3:6.00; Li2SO4:0.30; LiClO4:0.30,1.0,0.8025302596990362,0.7818629891290171,0.9439762630565148,51,114,63,0.25298804780876494
{FDF85545-995D-3C82-54A9-180A45AAFC7E},AML09112019kspqmt,144.3,8.36,22.4,1.866766,-0.869865,1.773003,-0.757081,2.736631,2.530084,0.9245250821173918,3,LiNO3:6.30; Li2SO4:0.40; LiClO4:0.10,1.0,0.7991356609459142,0.7774121745442042,0.943457074050213,56,122,66,0.2649402390438247
{2116DDAD-6554-3D42-C155-2C19C12E7E8E},AML09112019kspqmt,141.1,8.37,22.7,1.858611,-0.853007,1.762835,-0.746835,2.711618,2.50967,0.9255249080069538,3,LiNO3:5.80; Li2SO4:0.60; LiClO4:0.30,1.0,0.7886342025866856,0.7667399822697485,0.9300161030284887,72,130,58,0.2310756972111554
{E4793B85-8A73-61EC-4518-15D0A3827710},AML09112019kspqmt,77.3,8.28,22.7,1.779546,-0.874266,1.684323,-0.797862,2.6538120000000003,2.482185,0.935328124222816,3,LiNO3:0.60; Li2SO4:6.00; LiClO4:0.40,1.0,0.6313485075500651,0.5895663364181193,0.7990540199687993,189,232,43,0.1713147410358566
{402AA53C-4373-9E2B-3C34-6428E1FE98E3},AML09112019kspqmt,84.5,8.72,22.8,1.743245,-0.846196,1.647639,-0.676108,2.589441,2.323747,0.8973932983991526,3,LiNO3:0.60; Li2SO4:3.00; LiClO4:0.40,0.7799999999999994,0.5782606860326707,0.5451943742528539,0.6336709217382509,208,227,19,0.0756972111553785
{AADA8055-CA0E-260A-6A61-D394CB53698C},AML09112019kspqmt,75.7,8.9,22.9,1.710251,-0.800164,1.620764,-0.499373,2.510415,2.120137,0.8445364611030448,3,LiNO3:0.50; Li2SO4:1.80; LiClO4:0.40,0.5999999999999996,0.47050980692124783,0.4469986688062137,0.4107472927682932,238,235,-3,0.011952191235059757
{AC505972-B229-9EFD-7CAB-92DD85BBC3A8},AML09112019kspqmt,145.4,8.35,22.8,1.854445,-0.859002,1.756241,-0.74839,2.713447,2.504631,0.9230440100727967,3,LiNO3:4.50; Li2SO4:0.40; LiClO4:1.90,1.0,0.799233249710556,0.7790425922747236,0.933797057917605,55,118,63,0.2549800796812749
{7DA8C7EE-17CD-AD52-1CEE-8D94AEEFF62C},AML09112019kspqmt,147.6,8.37,22.7,1.862799,-0.858542,1.767808,-0.739866,2.7213410000000002,2.507674,0.9214846650970974,3,LiNO3:6.20; Li2SO4:0.20; LiClO4:0.20,1.0,0.8052099558037427,0.7855805259849691,0.9375822107343798,44,106,62,0.24701195219123506
{37A7AC43-392C-DBAA-4A04-B243832E59DC},AML09112019kspqmt,148.6,8.31,22.7,1.868593,-0.86061,1.772604,-0.747569,2.729203,2.520173,0.9234098746044176,3,LiNO3:6.00; Li2SO4:0.10; LiClO4:0.90,1.0,0.8094109604664844,0.7896822201198089,0.9470559913837108,36,99,63,0.25298804780876494
{DEB28811-229E-51ED-A486-E9CB10EE204C},AML09112019kspqmt,147.2,8.36,22.6,1.864146,-0.866248,1.767323,-0.770444,2.730394,2.537767,0.929450841160653,3,LiNO3:6.20; Li2SO4:0.20; LiClO4:0.20,1.0,0.8081212699315016,0.7874990125196173,0.958806619803003,39,109,70,0.28087649402390436
{E95AC984-62C1-E954-3ED9-5D4E2FB35BFA},AML09112019kspqmt,131.5,8.33,22.6,1.852365,-0.865941,1.754843,-0.766788,2.718306,2.521631,0.9276479542774067,2,LiNO3:5.50; Li2SO4:1.30,1.0,0.7645754441483117,0.7387006470761207,0.9174968249760385,95,157,62,0.24900398406374502
{2A6E732B-42A3-2A6E-E187-CE24495A094D},AML09112019kspqmt,124.7,8.31,22.5,1.836822,-0.859249,1.735511,-0.768722,2.696071,2.504233,0.9288453456900803,3,LiNO3:2.60; Li2SO4:1.80; LiClO4:2.50,1.0,0.7453456235266951,0.7177345908345247,0.8980166919388006,103,172,69,0.2768924302788845
{9B419D4D-F73A-7BE7-23F9-E908B37BBF3A},AML09112019kspqmt,142.4,8.37,22.2,1.856038,-0.87033,1.759323,-0.774854,2.726368,2.534177,0.9295065816500194,3,LiNO3:5.90; Li2SO4:0.50; LiClO4:0.10,1.0,0.79489358338495,0.7726545935805796,0.9474821694475509,64,125,61,0.2450199203187251
{5F5B8DAB-8FC4-8769-12DB-02636BEA884B},AML09122019obgppe,120.7,8.3,23.4,1.760509,-0.768371,1.671471,-0.463963,2.52888,2.135434,0.8444188731770587,2,LiNO3:0.60; LiClO4:3.20,1.0,0.6890637611697342,0.6727640406009873,0.6362486408513818,156,178,22,0.08764940239043822
{C6C1388B-0EAE-5C5F-C476-1B591EB91AB6},AML09122019obgppe,150.1,8.36,23.4,1.861024,-0.873623,1.764339,-0.786819,2.734647,2.551158,0.9329021259416664,1,LiNO3:6.40,1.0,0.8176303336131021,0.7977209481849773,0.9745296747555989,22,89,67,0.2689243027888446
{8ECEE342-3E2B-DECA-D6C5-193D4A4197F7},AML09122019obgppe,142.4,8.29,22.4,1.855266,-0.864898,1.763026,-0.78155,2.720164,2.544576,0.9354494802519261,2,LiNO3:6.40; Li2SO4:0.50,1.0,0.7963950252809034,0.7741270379347106,0.9591749546070465,63,125,62,0.24900398406374502
{945A2792-3DE2-BC64-9396-9B907C416A79},AML09122019obgppe,135.9,8.28,22.0,1.859519,-0.871537,1.763854,-0.774601,2.7310559999999997,2.538455,0.9294774621977726,3,LiNO3:5.40; Li2SO4:1.00; LiClO4:0.60,1.0,0.7779030413709088,0.7530764566712981,0.9356244378643495,83,147,64,0.25498007968127484
{FC71DC24-696F-52C3-9545-4C055822296F},AML09122019obgppe,89.2,8.35,22.0,1.791365,-0.880394,1.696682,-0.786897,2.671759,2.4835789999999998,0.9295670006164477,3,LiNO3:0.60; Li2SO4:4.30; LiClO4:1.60,1.0,0.6572805951300958,0.6185207762142059,0.8169876934876342,175,219,44,0.1752988047808765
{E69E74B6-E786-17A9-1E12-BCED1D5C621B},AML09122019obgppe,145.9,8.35,21.8,1.864955,-0.882344,1.770108,-0.783327,2.747299,2.553435,0.9294346920375248,3,LiNO3:6.20; Li2SO4:0.30; LiClO4:0.40,1.0,0.806193058823195,0.7843686822102344,0.9622741973874496,42,114,72,0.2888446215139443
{37EB9BBE-1ECE-E168-E852-E78D22CEA5E1},AML09122019obgppe,148.4,8.3,22.0,1.864739,-0.854322,1.766448,-0.733417,2.719061,2.499865,0.9193854054763758,3,LiNO3:6.70; Li2SO4:0.10; LiClO4:0.20,1.0,0.8062216158440195,0.7871293937157153,0.9334807535183948,41,101,60,0.2410358565737052
{FEF5BAA3-DBFF-29E7-D5DF-448BC2156EED},AML09122019obgppe,147.1,8.32,22.4,1.86223,-0.87007,1.767159,-0.76337,2.7323,2.530529,0.9261534238553599,3,LiNO3:6.40; Li2SO4:0.20; LiClO4:0.10,1.0,0.8067974858257567,0.7862205012352036,0.951530975308135,40,111,71,0.2828685258964144
{4BC1C321-A266-3353-216A-5EA2E39B31FB},AML09122019obgppe,82.5,8.44,22.5,1.754175,-0.882545,1.662624,-0.785409,2.63672,2.448033,0.9284387420734853,3,LiNO3:0.20; Li2SO4:4.70; LiClO4:0.90,1.0,0.6397362710540956,0.6001076723833381,0.7875772971802206,184,230,46,0.1832669322709163
{CB416FD7-626E-DE51-6704-7BAB99ABB296},AML09122019obgppe,130.5,8.28,22.6,1.847219,-0.876916,1.747655,-0.800171,2.724135,2.5478259999999997,0.935278905046923,3,LiNO3:5.40; Li2SO4:1.40; LiClO4:0.10,1.0,0.7647497088655697,0.7379554603879243,0.9355061984247909,94,159,65,0.2589641434262948
{BA06F95E-16E5-E634-99A5-1F42B4808823},AML09122019obgppe,131.5,8.3,22.6,1.850171,-0.870331,1.749319,-0.785019,2.7205019999999998,2.534338,0.9315699823047365,3,LiNO3:5.30; Li2SO4:1.30; LiClO4:0.20,1.0,0.7659858462939415,0.7398478177192677,0.9275224985014026,91,157,66,0.2649402390438247
{A5C34257-EAC4-B08E-3534-949A8C5CBFD6},AML09122019obgppe,148.7,8.26,22.7,1.865386,-0.871821,1.764175,-0.771015,2.7372069999999997,2.53519,0.9261959362225802,3,LiNO3:6.40; Li2SO4:0.10; LiClO4:0.50,1.0,0.8115624140811007,0.791354688716113,0.9567524967643645,32,98,66,0.26294820717131473
{83BA2400-8F34-648D-905E-4BC681F80FBA},AML09122019obgppe,145.8,8.29,22.7,1.858713,-0.873092,1.763733,-0.761112,2.731805,2.524845,0.9242405662190383,2,LiNO3:6.40; Li2SO4:0.30,1.0,0.8025645658072453,0.7816243317595415,0.9441419535255493,49,116,67,0.26693227091633465
{F36BCE1F-6019-26C4-D43F-5803697B392B},AML09122019obgppe,147.2,8.33,22.5,1.850527,-0.867837,1.751925,-0.748733,2.7183640000000002,2.500658,0.9199128593521692,3,LiNO3:5.90; Li2SO4:0.20; LiClO4:0.40,1.0,0.8032275117396823,0.7836769368381932,0.9319728897624793,47,109,62,0.24900398406374502
{7FD79B8A-6ACC-931A-8861-F4F32CDD2682},AML09122019obgppe,148.0,8.27,22.7,1.866915,-0.86905,1.76946,-0.76371,2.735965,2.53317,0.9258780722706613,2,LiNO3:6.80; Li2SO4:0.10,1.0,0.8094507572179045,0.7890568248947261,0.9540937469183036,35,104,69,0.2749003984063745
{42B984F1-A86C-915B-29A5-5278C567B874},AML09122019obgppe,144.0,8.25,22.8,1.855353,-0.872338,1.75619,-0.779901,2.727691,2.536091,0.9297574395340233,3,LiNO3:5.60; Li2SO4:0.40; LiClO4:0.90,1.0,0.7993941971666344,0.7776830913992626,0.9518842516900711,54,124,70,0.2788844621513944
{92A8F3EB-9BB6-A2F0-9E54-7167EA5CEDCA},AML07142019eimnsd,13.68,8.11,21.6,1.718158,-0.977907,1.611213,-0.83907,2.696065,2.4502829999999998,0.9088367676595334,4,LiNO3:0.80; Li2SO4:1.50; NaNO3:2.30; NaClO4:0.70,1.0,0.5190810550321889,0.46846756686761587,0.620402619718705,223,249,26,0.10358565737051792
{22426290-2CD4-444A-3191-59779E1EDA88},AML07152019gugozt,133.3,8.66,21.2,1.731527,-0.994383,1.628838,-0.833698,2.72591,2.462536,0.9033812561676652,5,Na2SO4:0.20; LiNO3:0.50; Li2SO4:1.90; NaNO3:1.30; NaClO4:2.10,0.8399999999999999,0.7291371494254446,0.7086343526717459,0.8164929528257878,111,154,43,0.17131474103585653
{347A5ABC-5C82-33B6-088A-396F8A18DA47},AML07152019gugozt,141.2,8.25,21.7,1.686754,-0.989978,1.593865,-0.793636,2.6767320000000003,2.3875010000000003,0.8919462239775966,5,Na2SO4:2.90; LiNO3:0.30; Li2SO4:0.30; NaNO3:0.40; NaClO4:2.30,1.0,0.7719080476827305,0.7538519068540175,0.8391032651203665,88,129,41,0.1633466135458167
{A2A495A8-F61C-44E5-E9D4-AE26837D4586},AML07152019gugozt,11.94,8.34,22.0,1.751981,-1.015987,1.653358,-0.80396,2.7679679999999998,2.457318,0.8877696562966046,5,Na2SO4:0.50; LiNO3:1.60; Li2SO4:0.80; NaNO3:1.30; NaClO4:2.10,1.0,0.5166880084986595,0.46533287669402157,0.5926799974631338,226,250,24,0.09561752988047809
{C6D2EA82-6EC5-8782-4E93-A7B71F02BAB3},AML07152019gugozt,137.7,8.7,22.0,1.697531,-1.009381,1.597924,-0.876003,2.706912,2.4739269999999998,0.9139295994845786,5,Na2SO4:1.70; LiNO3:0.20; Li2SO4:1.00; NaNO3:0.30; NaClO4:2.90,0.8000000000000007,0.7297473417522505,0.7133616283671738,0.8309936562520528,110,141,31,0.12350597609561759
{982982DE-4464-05CC-C5B7-2D8BEF575511},AML07152019gugozt,152.0,8.31,21.7,1.750038,-1.073788,1.649612,-0.694917,2.823826,2.344529,0.8302668082240195,5,Na2SO4:0.60; LiNO3:0.20; Li2SO4:0.20; NaNO3:2.20; NaClO4:2.90,1.0,0.7846074517451734,0.7674434639748756,0.7658600425261698,78,80,2,0.009960159362549903
{F16374D2-0BA8-1940-4C28-612A43D35384},AML07152019gugozt,147.7,8.39,21.5,1.714883,-1.004643,1.617264,-0.688546,2.719526,2.30581,0.8478720188738773,4,Na2SO4:0.90; Li2SO4:0.90; NaNO3:2.30; NaClO4:1.70,1.0,0.7716247884841815,0.757239661553138,0.7640918461657522,89,105,16,0.06374501992031867
{1D7527D2-656B-B124-4DAA-7A31DCD7A637},AML07162019vgtnbi,112.0,8.73,21.2,1.801938,-1.147937,1.698569,-1.016726,2.949875,2.7152950000000002,0.9204779863553542,2,NaNO3:0.40; NaClO4:6.50,0.7699999999999996,0.6747256128027471,0.6409618423738757,0.8718388559033727,166,199,33,0.13147410358565734
{2B84F234-9582-B917-D4B4-2216DA6E59E7},AML07162019vgtnbi,14.12,8.27,21.8,1.771409,-1.062507,1.659823,-0.965246,2.8339160000000003,2.625069,0.9263044493908781,5,Na2SO4:0.30; LiNO3:0.30; Li2SO4:0.60; NaNO3:0.10; NaClO4:5.50,1.0,0.5304928950393843,0.47677803470128394,0.7126660861417478,219,248,29,0.11553784860557768
{B8E56999-C2E3-9C39-8166-0AD55CE28C18},AML07162019vgtnbi,137.3,6.4,21.7,1.673463,-0.943527,1.578432,-0.675838,2.61699,2.25427,0.8613980183340403,5,Na2SO4:3.80; LiNO3:0.10; Li2SO4:0.10; NaNO3:1.60; NaClO4:0.70,0.9000000000000004,0.725150892023819,0.712586271646239,0.707855128901105,115,142,27,0.10956175298804777
{519A9170-94D1-BE43-9C2F-EC6C48CB4C5E},AML07162019vgtnbi,121.9,8.85,21.8,1.780386,-1.146623,1.672885,-1.006359,2.927009,2.6792439999999997,0.9153521564163279,5,Na2SO4:0.10; LiNO3:0.10; Li2SO4:0.30; NaNO3:0.80; NaClO4:5.50,0.6500000000000004,0.6533778994303246,0.6306736412041855,0.8338103585341697,177,177,0,0.0
{25B8EDAA-1D5B-72A3-1111-1D02BB6137CE},AML08302019nyacan,199.5,5.89,23.7,0.829411,-0.890208,0.81387,-0.851601,1.719619,1.6654710000000001,0.9685116296109778,4,Na2SO4:1.00; NaNO3:0.10; NaBr:3.70; NaClO4:0.90,0.3899999999999997,0.5762983935989336,0.6324939404960609,0.5804665102753819,209,1,-208,0.8286852589641435
{826591CA-51A1-E783-2EA4-90C4CEA7FBA2},AML09032019awzhtx,140.2,6.46,22.2,1.757904,-0.853752,1.645444,-0.730741,2.611656,2.376185,0.9098384320140172,3,Na2SO4:1.20; NaNO3:0.50; NaClO4:1.90,0.96,0.7642953942262533,0.7483016242848969,0.8427802858990585,97,132,35,0.1394422310756972
{581514E2-CCDD-EE6E-370D-7D51F99BE5CC},AML09112019kspqmt,115.7,8.78,22.6,1.782481,-0.823637,1.685444,-0.593369,2.606118,2.278813,0.8744089868532431,3,LiNO3:2.40; Li2SO4:0.60; LiClO4:0.70,0.7200000000000006,0.6242761852996719,0.6082757509492654,0.6325267200059033,192,188,-4,0.015936254980079667
